city_name,year,month,price
Beijing,2015,1,37264
Beijing,2015,2,37735
Beijing,2015,3,37879
Beijing,2015,4,38234
Beijing,2015,5,38719
Beijing,2015,6,38853
Beijing,2015,7,39694
Beijing,2015,8,40172
Beijing,2015,9,40452
Beijing,2015,10,40706
Beijing,2015,11,40855
Beijing,2015,12,39440
Beijing,2016,1,39623
Beijing,2016,2,40046
Beijing,2016,3,42087
Beijing,2016,4,44391
Beijing,2016,5,44756
Beijing,2016,6,44858
Beijing,2016,7,45801
Beijing,2016,8,47139
Beijing,2016,9,50141
Beijing,2016,10,53557
Beijing,2016,11,56064
Beijing,2016,12,57602
Beijing,2017,1,58069
Beijing,2017,2,59536
Beijing,2017,3,61619
Beijing,2017,4,54709
Beijing,2017,5,53054
Beijing,2017,6,51160
Beijing,2017,7,51387
Beijing,2017,8,53926
Beijing,2017,9,58936
Beijing,2017,10,58082
Beijing,2017,11,57667
Beijing,2017,12,57773
Beijing,2018,1,58877
Beijing,2018,2,59349
Beijing,2018,3,60323
Beijing,2018,4,61230
Beijing,2018,5,61676
Beijing,2018,6,62923
Beijing,2018,7,62653
Beijing,2018,8,62394
Beijing,2018,9,61104
Beijing,2018,10,60954
Beijing,2018,11,60913
Beijing,2018,12,62553
Beijing,2019,1,63742
Beijing,2019,2,65173
Beijing,2019,3,64233
Beijing,2019,4,63122
Beijing,2019,5,62840
Beijing,2019,6,62382
Beijing,2019,7,63403
Beijing,2019,8,63913
Beijing,2019,9,64403
Beijing,2019,10,63120
Beijing,2019,11,62435
Beijing,2019,12,62195
Beijing,2020,1,60910
Beijing,2020,2,67724
Beijing,2020,3,66548
Beijing,2020,4,65281
Beijing,2020,5,64182
Beijing,2020,6,61462
Beijing,2020,7,62212
Beijing,2020,8,61244
Beijing,2020,9,62711
Beijing,2020,10,61720
Beijing,2020,11,60143
Beijing,2020,12,64062
Beijing,2021,1,66575
Beijing,2021,2,65741
Beijing,2021,3,63465
Beijing,2021,4,66881
Beijing,2021,5,66541
Beijing,2021,6,64705
Beijing,2021,7,69128
Beijing,2021,8,67630
Beijing,2021,9,67951
Beijing,2021,10,66280
Beijing,2021,11,67289
Beijing,2021,12,63163
Beijing,2022,1,63704
Beijing,2022,2,67273
Beijing,2022,3,66147
Beijing,2022,4,65900
Beijing,2022,5,63091
Beijing,2022,6,65760
Beijing,2022,7,63381
Beijing,2022,8,64628
Beijing,2022,9,63625
Beijing,2022,10,64702
Beijing,2022,11,65901
Beijing,2022,12,68241
Beijing,2023,1,62838
Beijing,2023,2,63503
Beijing,2023,3,68843
Beijing,2023,4,70325
Beijing,2023,5,66177
Beijing,2023,6,66946
Beijing,2023,7,66525
Beijing,2023,8,65384
Beijing,2023,9,65713
Beijing,2023,10,65200
Beijing,2023,11,64197
Beijing,2023,12,63988
Beijing,2024,1,63613
Beijing,2024,2,60345
Beijing,2024,3,60804
Beijing,2024,4,58827
Beijing,2024,5,58419
Beijing,2024,6,57551
Beijing,2024,7,56653
Beijing,2024,8,56379
Beijing,2024,9,55421
Beijing,2024,10,55363
Beijing,2024,11,55546
Beijing,2024,12,54035
Changchun,2015,1,6932
Changchun,2015,2,6998
Changchun,2015,3,6932
Changchun,2015,4,6826
Changchun,2015,5,6848
Changchun,2015,6,6884
Changchun,2015,7,6827
Changchun,2015,8,6849
Changchun,2015,9,6794
Changchun,2015,10,6717
Changchun,2015,11,6792
Changchun,2015,12,6776
Changchun,2016,1,6776
Changchun,2016,2,6746
Changchun,2016,3,6801
Changchun,2016,4,6823
Changchun,2016,5,6844
Changchun,2016,6,6815
Changchun,2016,7,6783
Changchun,2016,8,6770
Changchun,2016,9,6804
Changchun,2016,10,6821
Changchun,2016,11,6804
Changchun,2016,12,6843
Changchun,2017,1,6890
Changchun,2017,2,6912
Changchun,2017,3,6910
Changchun,2017,4,6974
Changchun,2017,5,7032
Changchun,2017,6,7102
Changchun,2017,7,7145
Changchun,2017,8,7160
Changchun,2017,9,7203
Changchun,2017,10,7250
Changchun,2017,11,7400
Changchun,2017,12,7489
Changchun,2018,1,7861
Changchun,2018,2,8021
Changchun,2018,3,8259
Changchun,2018,4,8454
Changchun,2018,5,8558
Changchun,2018,6,8694
Changchun,2018,7,8991
Changchun,2018,8,9201
Changchun,2018,9,9373
Changchun,2018,10,9514
Changchun,2018,11,9560
Changchun,2018,12,9632
Changchun,2019,1,9372
Changchun,2019,2,9563
Changchun,2019,3,9781
Changchun,2019,4,9814
Changchun,2019,5,9862
Changchun,2019,6,10013
Changchun,2019,7,9873
Changchun,2019,8,9821
Changchun,2019,9,10043
Changchun,2019,10,10062
Changchun,2019,11,10012
Changchun,2019,12,9721
Changchun,2020,1,9850
Changchun,2020,2,10059
Changchun,2020,3,9522
Changchun,2020,4,10357
Changchun,2020,5,9602
Changchun,2020,6,10282
Changchun,2020,7,10016
Changchun,2020,8,10261
Changchun,2020,9,9429
Changchun,2020,10,9390
Changchun,2020,11,9596
Changchun,2020,12,9990
Changchun,2021,1,9553
Changchun,2021,2,9816
Changchun,2021,3,9922
Changchun,2021,4,9379
Changchun,2021,5,9668
Changchun,2021,6,9871
Changchun,2021,7,9518
Changchun,2021,8,9555
Changchun,2021,9,9786
Changchun,2021,10,9620
Changchun,2021,11,9673
Changchun,2021,12,9318
Changchun,2022,1,9699
Changchun,2022,2,9712
Changchun,2022,3,9515
Changchun,2022,4,9874
Changchun,2022,5,10197
Changchun,2022,6,9777
Changchun,2022,7,9632
Changchun,2022,8,9683
Changchun,2022,9,9756
Changchun,2022,10,9641
Changchun,2022,11,9585
Changchun,2022,12,9434
Changchun,2023,1,9355
Changchun,2023,2,9312
Changchun,2023,3,9565
Changchun,2023,4,9311
Changchun,2023,5,9306
Changchun,2023,6,9255
Changchun,2023,7,9239
Changchun,2023,8,8927
Changchun,2023,9,8842
Changchun,2023,10,8657
Changchun,2023,11,8553
Changchun,2023,12,8418
Changchun,2024,1,8434
Changchun,2024,2,8482
Changchun,2024,3,8335
Changchun,2024,4,8372
Changchun,2024,5,8290
Changchun,2024,6,8212
Changchun,2024,7,8247
Changchun,2024,8,8256
Changchun,2024,9,8219
Changchun,2024,10,8245
Changchun,2024,11,8181
Changchun,2024,12,8038
Changsha,2015,1,6360
Changsha,2015,2,6335
Changsha,2015,3,6340
Changsha,2015,4,6326
Changsha,2015,5,6359
Changsha,2015,6,6347
Changsha,2015,7,6357
Changsha,2015,8,6391
Changsha,2015,9,6423
Changsha,2015,10,6420
Changsha,2015,11,6433
Changsha,2015,12,6454
Changsha,2016,1,6454
Changsha,2016,2,6456
Changsha,2016,3,6481
Changsha,2016,4,6530
Changsha,2016,5,6587
Changsha,2016,6,6654
Changsha,2016,7,6693
Changsha,2016,8,6749
Changsha,2016,9,6826
Changsha,2016,10,7065
Changsha,2016,11,7267
Changsha,2016,12,7608
Changsha,2017,1,7822
Changsha,2017,2,7887
Changsha,2017,3,8224
Changsha,2017,4,8722
Changsha,2017,5,9002
Changsha,2017,6,9286
Changsha,2017,7,9249
Changsha,2017,8,9305
Changsha,2017,9,9420
Changsha,2017,10,9546
Changsha,2017,11,9772
Changsha,2017,12,9882
Changsha,2018,1,9982
Changsha,2018,2,10052
Changsha,2018,3,10092
Changsha,2018,4,10235
Changsha,2018,5,10495
Changsha,2018,6,10171
Changsha,2018,7,10204
Changsha,2018,8,10244
Changsha,2018,9,10913
Changsha,2018,10,11123
Changsha,2018,11,10831
Changsha,2018,12,10901
Changsha,2019,1,10652
Changsha,2019,2,10642
Changsha,2019,3,10933
Changsha,2019,4,10832
Changsha,2019,5,10910
Changsha,2019,6,10942
Changsha,2019,7,10783
Changsha,2019,8,10803
Changsha,2019,9,10730
Changsha,2019,10,10760
Changsha,2019,11,10882
Changsha,2019,12,10774
Changsha,2020,1,10623
Changsha,2020,2,11076
Changsha,2020,3,11122
Changsha,2020,4,10782
Changsha,2020,5,10064
Changsha,2020,6,11066
Changsha,2020,7,10855
Changsha,2020,8,10550
Changsha,2020,9,10599
Changsha,2020,10,11310
Changsha,2020,11,11121
Changsha,2020,12,11359
Changsha,2021,1,11225
Changsha,2021,2,11351
Changsha,2021,3,10953
Changsha,2021,4,11570
Changsha,2021,5,11080
Changsha,2021,6,10816
Changsha,2021,7,10845
Changsha,2021,8,10907
Changsha,2021,9,10894
Changsha,2021,10,11515
Changsha,2021,11,10933
Changsha,2021,12,10705
Changsha,2022,1,10969
Changsha,2022,2,11248
Changsha,2022,3,11196
Changsha,2022,4,11282
Changsha,2022,5,11957
Changsha,2022,6,11517
Changsha,2022,7,11638
Changsha,2022,8,11495
Changsha,2022,9,11666
Changsha,2022,10,11477
Changsha,2022,11,11766
Changsha,2022,12,11804
Changsha,2023,1,12450
Changsha,2023,2,11886
Changsha,2023,3,12074
Changsha,2023,4,11616
Changsha,2023,5,11756
Changsha,2023,6,11740
Changsha,2023,7,11747
Changsha,2023,8,11224
Changsha,2023,9,11050
Changsha,2023,10,11154
Changsha,2023,11,11080
Changsha,2023,12,11138
Changsha,2024,1,11302
Changsha,2024,2,11027
Changsha,2024,3,11180
Changsha,2024,4,11040
Changsha,2024,5,10903
Changsha,2024,6,10893
Changsha,2024,7,10919
Changsha,2024,8,10876
Changsha,2024,9,10632
Changsha,2024,10,10607
Changsha,2024,11,10842
Changsha,2024,12,11013
Chengdu,2015,1,8281
Chengdu,2015,2,8258
Chengdu,2015,3,8247
Chengdu,2015,4,8233
Chengdu,2015,5,8253
Chengdu,2015,6,8254
Chengdu,2015,7,8240
Chengdu,2015,8,8254
Chengdu,2015,9,8258
Chengdu,2015,10,8248
Chengdu,2015,11,8238
Chengdu,2015,12,8221
Chengdu,2016,1,8246
Chengdu,2016,2,8220
Chengdu,2016,3,8259
Chengdu,2016,4,8254
Chengdu,2016,5,8270
Chengdu,2016,6,8400
Chengdu,2016,7,8214
Chengdu,2016,8,8151
Chengdu,2016,9,8191
Chengdu,2016,10,8279
Chengdu,2016,11,8532
Chengdu,2016,12,8599
Chengdu,2017,1,8682
Chengdu,2017,2,8706
Chengdu,2017,3,9033
Chengdu,2017,4,9412
Chengdu,2017,5,9645
Chengdu,2017,6,9848
Chengdu,2017,7,10001
Chengdu,2017,8,10186
Chengdu,2017,9,10563
Chengdu,2017,10,11069
Chengdu,2017,11,11618
Chengdu,2017,12,12035
Chengdu,2018,1,13135
Chengdu,2018,2,13500
Chengdu,2018,3,14120
Chengdu,2018,4,14621
Chengdu,2018,5,14847
Chengdu,2018,6,15413
Chengdu,2018,7,15373
Chengdu,2018,8,15443
Chengdu,2018,9,15943
Chengdu,2018,10,15422
Chengdu,2018,11,15480
Chengdu,2018,12,15583
Chengdu,2019,1,15283
Chengdu,2019,2,15804
Chengdu,2019,3,15914
Chengdu,2019,4,15772
Chengdu,2019,5,15512
Chengdu,2019,6,15604
Chengdu,2019,7,15413
Chengdu,2019,8,15522
Chengdu,2019,9,15573
Chengdu,2019,10,15631
Chengdu,2019,11,15732
Chengdu,2019,12,15635
Chengdu,2020,1,15278
Chengdu,2020,2,16247
Chengdu,2020,3,15311
Chengdu,2020,4,15261
Chengdu,2020,5,15053
Chengdu,2020,6,16119
Chengdu,2020,7,16756
Chengdu,2020,8,16052
Chengdu,2020,9,16988
Chengdu,2020,10,17653
Chengdu,2020,11,16756
Chengdu,2020,12,16941
Chengdu,2021,1,17910
Chengdu,2021,2,17079
Chengdu,2021,3,17831
Chengdu,2021,4,18124
Chengdu,2021,5,19153
Chengdu,2021,6,19051
Chengdu,2021,7,18708
Chengdu,2021,8,17477
Chengdu,2021,9,17283
Chengdu,2021,10,17041
Chengdu,2021,11,17277
Chengdu,2021,12,16532
Chengdu,2022,1,16300
Chengdu,2022,2,17148
Chengdu,2022,3,19409
Chengdu,2022,4,17955
Chengdu,2022,5,16813
Chengdu,2022,6,17391
Chengdu,2022,7,17249
Chengdu,2022,8,17318
Chengdu,2022,9,16666
Chengdu,2022,10,16497
Chengdu,2022,11,17060
Chengdu,2022,12,16944
Chengdu,2023,1,16987
Chengdu,2023,2,17512
Chengdu,2023,3,16457
Chengdu,2023,4,16255
Chengdu,2023,5,17267
Chengdu,2023,6,17492
Chengdu,2023,7,19448
Chengdu,2023,8,16879
Chengdu,2023,9,16727
Chengdu,2023,10,16897
Chengdu,2023,11,17002
Chengdu,2023,12,17303
Chengdu,2024,1,19334
Chengdu,2024,2,19026
Chengdu,2024,3,18197
Chengdu,2024,4,19308
Chengdu,2024,5,18179
Chengdu,2024,6,17714
Chengdu,2024,7,17430
Chengdu,2024,8,16996
Chengdu,2024,9,17291
Chengdu,2024,10,17427
Chengdu,2024,11,16273
Chengdu,2024,12,15555
Chongqing,2015,1,6440
Chongqing,2015,2,6455
Chongqing,2015,3,6442
Chongqing,2015,4,6429
Chongqing,2015,5,6440
Chongqing,2015,6,6477
Chongqing,2015,7,6441
Chongqing,2015,8,6429
Chongqing,2015,9,6401
Chongqing,2015,10,6366
Chongqing,2015,11,6343
Chongqing,2015,12,6295
Chongqing,2016,1,7113
Chongqing,2016,2,7106
Chongqing,2016,3,7074
Chongqing,2016,4,7119
Chongqing,2016,5,7186
Chongqing,2016,6,6967
Chongqing,2016,7,6955
Chongqing,2016,8,6972
Chongqing,2016,9,7026
Chongqing,2016,10,7066
Chongqing,2016,11,7139
Chongqing,2016,12,7500
Chongqing,2017,1,7611
Chongqing,2017,2,7769
Chongqing,2017,3,7967
Chongqing,2017,4,8451
Chongqing,2017,5,8810
Chongqing,2017,6,9142
Chongqing,2017,7,9341
Chongqing,2017,8,9475
Chongqing,2017,9,9643
Chongqing,2017,10,9771
Chongqing,2017,11,9865
Chongqing,2017,12,9934
Chongqing,2018,1,11138
Chongqing,2018,2,11675
Chongqing,2018,3,11149
Chongqing,2018,4,11510
Chongqing,2018,5,11768
Chongqing,2018,6,11994
Chongqing,2018,7,12413
Chongqing,2018,8,12542
Chongqing,2018,9,13572
Chongqing,2018,10,12941
Chongqing,2018,11,12803
Chongqing,2018,12,12713
Chongqing,2019,1,12404
Chongqing,2019,2,12363
Chongqing,2019,3,12730
Chongqing,2019,4,12663
Chongqing,2019,5,12622
Chongqing,2019,6,12513
Chongqing,2019,7,12552
Chongqing,2019,8,12522
Chongqing,2019,9,12681
Chongqing,2019,10,12382
Chongqing,2019,11,12370
Chongqing,2019,12,12264
Chongqing,2020,1,11487
Chongqing,2020,2,12364
Chongqing,2020,3,11668
Chongqing,2020,4,12182
Chongqing,2020,5,12192
Chongqing,2020,6,11826
Chongqing,2020,7,11961
Chongqing,2020,8,11597
Chongqing,2020,9,12216
Chongqing,2020,10,12421
Chongqing,2020,11,11638
Chongqing,2020,12,12366
Chongqing,2021,1,11950
Chongqing,2021,2,12715
Chongqing,2021,3,12214
Chongqing,2021,4,12767
Chongqing,2021,5,12198
Chongqing,2021,6,13232
Chongqing,2021,7,13462
Chongqing,2021,8,13622
Chongqing,2021,9,12644
Chongqing,2021,10,12878
Chongqing,2021,11,14479
Chongqing,2021,12,13024
Chongqing,2022,1,12761
Chongqing,2022,2,13787
Chongqing,2022,3,14020
Chongqing,2022,4,13658
Chongqing,2022,5,13910
Chongqing,2022,6,13258
Chongqing,2022,7,13884
Chongqing,2022,8,13605
Chongqing,2022,9,13779
Chongqing,2022,10,13918
Chongqing,2022,11,13987
Chongqing,2022,12,13498
Chongqing,2023,1,13851
Chongqing,2023,2,13717
Chongqing,2023,3,13012
Chongqing,2023,4,12952
Chongqing,2023,5,13452
Chongqing,2023,6,13584
Chongqing,2023,7,12836
Chongqing,2023,8,12332
Chongqing,2023,9,11955
Chongqing,2023,10,11866
Chongqing,2023,11,11734
Chongqing,2023,12,11501
Chongqing,2024,1,11554
Chongqing,2024,2,11610
Chongqing,2024,3,11580
Chongqing,2024,4,11374
Chongqing,2024,5,11230
Chongqing,2024,6,11315
Chongqing,2024,7,11017
Chongqing,2024,8,11057
Chongqing,2024,9,10748
Chongqing,2024,10,10815
Chongqing,2024,11,10695
Chongqing,2024,12,10457
Fuzhou,2015,1,14034
Fuzhou,2015,2,13991
Fuzhou,2015,3,13927
Fuzhou,2015,4,13876
Fuzhou,2015,5,14001
Fuzhou,2015,6,14110
Fuzhou,2015,7,14147
Fuzhou,2015,8,14066
Fuzhou,2015,9,14104
Fuzhou,2015,10,14236
Fuzhou,2015,11,14504
Fuzhou,2015,12,14578
Fuzhou,2016,1,14649
Fuzhou,2016,2,14752
Fuzhou,2016,3,14917
Fuzhou,2016,4,15216
Fuzhou,2016,5,15877
Fuzhou,2016,6,15834
Fuzhou,2016,7,16118
Fuzhou,2016,8,16642
Fuzhou,2016,9,17406
Fuzhou,2016,10,19261
Fuzhou,2016,11,18951
Fuzhou,2016,12,19823
Fuzhou,2017,1,20307
Fuzhou,2017,2,20629
Fuzhou,2017,3,21795
Fuzhou,2017,4,23197
Fuzhou,2017,5,24320
Fuzhou,2017,6,25293
Fuzhou,2017,7,25758
Fuzhou,2017,8,26189
Fuzhou,2017,9,26596
Fuzhou,2017,10,26952
Fuzhou,2017,11,27090
Fuzhou,2017,12,26773
Fuzhou,2018,1,26648
Fuzhou,2018,2,26734
Fuzhou,2018,3,26895
Fuzhou,2018,4,26665
Fuzhou,2018,5,26504
Fuzhou,2018,6,26604
Fuzhou,2018,7,26181
Fuzhou,2018,8,25921
Fuzhou,2018,9,26980
Fuzhou,2018,10,27360
Fuzhou,2018,11,27443
Fuzhou,2018,12,26973
Fuzhou,2019,1,26943
Fuzhou,2019,2,27520
Fuzhou,2019,3,26662
Fuzhou,2019,4,26904
Fuzhou,2019,5,26613
Fuzhou,2019,6,26120
Fuzhou,2019,7,26511
Fuzhou,2019,8,25972
Fuzhou,2019,9,25802
Fuzhou,2019,10,26630
Fuzhou,2019,11,26642
Fuzhou,2019,12,25666
Fuzhou,2020,1,25558
Fuzhou,2020,2,26234
Fuzhou,2020,3,27586
Fuzhou,2020,4,25435
Fuzhou,2020,5,25231
Fuzhou,2020,6,25984
Fuzhou,2020,7,25838
Fuzhou,2020,8,25760
Fuzhou,2020,9,25059
Fuzhou,2020,10,24796
Fuzhou,2020,11,25205
Fuzhou,2020,12,26656
Fuzhou,2021,1,26207
Fuzhou,2021,2,26229
Fuzhou,2021,3,26331
Fuzhou,2021,4,25510
Fuzhou,2021,5,25384
Fuzhou,2021,6,26542
Fuzhou,2021,7,27043
Fuzhou,2021,8,26676
Fuzhou,2021,9,26487
Fuzhou,2021,10,25522
Fuzhou,2021,11,25596
Fuzhou,2021,12,25950
Fuzhou,2022,1,26813
Fuzhou,2022,2,27859
Fuzhou,2022,3,27564
Fuzhou,2022,4,28456
Fuzhou,2022,5,26517
Fuzhou,2022,6,26646
Fuzhou,2022,7,26792
Fuzhou,2022,8,26709
Fuzhou,2022,9,27103
Fuzhou,2022,10,26128
Fuzhou,2022,11,26714
Fuzhou,2022,12,25157
Fuzhou,2023,1,26161
Fuzhou,2023,2,26411
Fuzhou,2023,3,26289
Fuzhou,2023,4,25249
Fuzhou,2023,5,26056
Fuzhou,2023,6,25147
Fuzhou,2023,7,25840
Fuzhou,2023,8,24089
Fuzhou,2023,9,23609
Fuzhou,2023,10,23801
Fuzhou,2023,11,23000
Fuzhou,2023,12,23178
Fuzhou,2024,1,23008
Fuzhou,2024,2,23098
Fuzhou,2024,3,23478
Fuzhou,2024,4,22732
Fuzhou,2024,5,22516
Fuzhou,2024,6,21655
Fuzhou,2024,7,21450
Fuzhou,2024,8,20940
Fuzhou,2024,9,20647
Fuzhou,2024,10,20523
Fuzhou,2024,11,21141
Fuzhou,2024,12,20805
Guangzhou,2015,1,18793
Guangzhou,2015,2,18852
Guangzhou,2015,3,19025
Guangzhou,2015,4,19418
Guangzhou,2015,5,19563
Guangzhou,2015,6,19903
Guangzhou,2015,7,20016
Guangzhou,2015,8,19998
Guangzhou,2015,9,19989
Guangzhou,2015,10,19922
Guangzhou,2015,11,19997
Guangzhou,2015,12,20018
Guangzhou,2016,1,20625
Guangzhou,2016,2,20645
Guangzhou,2016,3,20813
Guangzhou,2016,4,21135
Guangzhou,2016,5,21109
Guangzhou,2016,6,21146
Guangzhou,2016,7,21266
Guangzhou,2016,8,21555
Guangzhou,2016,9,21722
Guangzhou,2016,10,22244
Guangzhou,2016,11,22592
Guangzhou,2016,12,22928
Guangzhou,2017,1,23746
Guangzhou,2017,2,24429
Guangzhou,2017,3,25133
Guangzhou,2017,4,25371
Guangzhou,2017,5,26063
Guangzhou,2017,6,27331
Guangzhou,2017,7,28198
Guangzhou,2017,8,28510
Guangzhou,2017,9,28816
Guangzhou,2017,10,28256
Guangzhou,2017,11,28011
Guangzhou,2017,12,28580
Guangzhou,2018,1,29499
Guangzhou,2018,2,30517
Guangzhou,2018,3,31299
Guangzhou,2018,4,31804
Guangzhou,2018,5,32005
Guangzhou,2018,6,32182
Guangzhou,2018,7,33113
Guangzhou,2018,8,32453
Guangzhou,2018,9,31822
Guangzhou,2018,10,31930
Guangzhou,2018,11,31530
Guangzhou,2018,12,31904
Guangzhou,2019,1,32423
Guangzhou,2019,2,32583
Guangzhou,2019,3,32581
Guangzhou,2019,4,32322
Guangzhou,2019,5,31953
Guangzhou,2019,6,32882
Guangzhou,2019,7,33404
Guangzhou,2019,8,33133
Guangzhou,2019,9,32743
Guangzhou,2019,10,32581
Guangzhou,2019,11,33843
Guangzhou,2019,12,34810
Guangzhou,2020,1,35493
Guangzhou,2020,2,34872
Guangzhou,2020,3,35640
Guangzhou,2020,4,32932
Guangzhou,2020,5,32753
Guangzhou,2020,6,34714
Guangzhou,2020,7,37729
Guangzhou,2020,8,37143
Guangzhou,2020,9,37126
Guangzhou,2020,10,37556
Guangzhou,2020,11,38979
Guangzhou,2020,12,38856
Guangzhou,2021,1,38789
Guangzhou,2021,2,40439
Guangzhou,2021,3,40416
Guangzhou,2021,4,43029
Guangzhou,2021,5,44095
Guangzhou,2021,6,43015
Guangzhou,2021,7,43173
Guangzhou,2021,8,44457
Guangzhou,2021,9,43693
Guangzhou,2021,10,41087
Guangzhou,2021,11,46010
Guangzhou,2021,12,46174
Guangzhou,2022,1,45409
Guangzhou,2022,2,47718
Guangzhou,2022,3,45381
Guangzhou,2022,4,45264
Guangzhou,2022,5,40126
Guangzhou,2022,6,46215
Guangzhou,2022,7,39565
Guangzhou,2022,8,40526
Guangzhou,2022,9,42839
Guangzhou,2022,10,42381
Guangzhou,2022,11,44775
Guangzhou,2022,12,48801
Guangzhou,2023,1,42960
Guangzhou,2023,2,46799
Guangzhou,2023,3,44830
Guangzhou,2023,4,45139
Guangzhou,2023,5,42610
Guangzhou,2023,6,43361
Guangzhou,2023,7,42221
Guangzhou,2023,8,41534
Guangzhou,2023,9,39307
Guangzhou,2023,10,39519
Guangzhou,2023,11,39873
Guangzhou,2023,12,38618
Guangzhou,2024,1,41435
Guangzhou,2024,2,41301
Guangzhou,2024,3,39499
Guangzhou,2024,4,37810
Guangzhou,2024,5,39663
Guangzhou,2024,6,37649
Guangzhou,2024,7,37461
Guangzhou,2024,8,38135
Guangzhou,2024,9,38372
Guangzhou,2024,10,36245
Guangzhou,2024,11,37478
Guangzhou,2024,12,38035
Guiyang,2015,1,5552
Guiyang,2015,2,5719
Guiyang,2015,3,5800
Guiyang,2015,4,5655
Guiyang,2015,5,5591
Guiyang,2015,6,5668
Guiyang,2015,7,5933
Guiyang,2015,8,5997
Guiyang,2015,9,5941
Guiyang,2015,10,5950
Guiyang,2015,11,5970
Guiyang,2015,12,5810
Guiyang,2016,1,5810
Guiyang,2016,2,5780
Guiyang,2016,3,5811
Guiyang,2016,4,5814
Guiyang,2016,5,5970
Guiyang,2016,6,6177
Guiyang,2016,7,6155
Guiyang,2016,8,6176
Guiyang,2016,9,6195
Guiyang,2016,10,6097
Guiyang,2016,11,6238
Guiyang,2016,12,6181
Guiyang,2017,1,6177
Guiyang,2017,2,6121
Guiyang,2017,3,6273
Guiyang,2017,4,6328
Guiyang,2017,5,6439
Guiyang,2017,6,6515
Guiyang,2017,7,6598
Guiyang,2017,8,6770
Guiyang,2017,9,6955
Guiyang,2017,10,7148
Guiyang,2017,11,7256
Guiyang,2017,12,7491
Guiyang,2018,1,8123
Guiyang,2018,2,8471
Guiyang,2018,3,8904
Guiyang,2018,4,9228
Guiyang,2018,5,9389
Guiyang,2018,6,9472
Guiyang,2018,7,10094
Guiyang,2018,8,10113
Guiyang,2018,9,10233
Guiyang,2018,10,10262
Guiyang,2018,11,10073
Guiyang,2018,12,10001
Guiyang,2019,1,10023
Guiyang,2019,2,10043
Guiyang,2019,3,10003
Guiyang,2019,4,9854
Guiyang,2019,5,9663
Guiyang,2019,6,9712
Guiyang,2019,7,9763
Guiyang,2019,8,9680
Guiyang,2019,9,9543
Guiyang,2019,10,9542
Guiyang,2019,11,9412
Guiyang,2019,12,9266
Guiyang,2020,1,9269
Guiyang,2020,2,9259
Guiyang,2020,3,9358
Guiyang,2020,4,9467
Guiyang,2020,5,9197
Guiyang,2020,6,9233
Guiyang,2020,7,9172
Guiyang,2020,8,9268
Guiyang,2020,9,9384
Guiyang,2020,10,9425
Guiyang,2020,11,9108
Guiyang,2020,12,9281
Guiyang,2021,1,9355
Guiyang,2021,2,9403
Guiyang,2021,3,9411
Guiyang,2021,4,9213
Guiyang,2021,5,9235
Guiyang,2021,6,9629
Guiyang,2021,7,9363
Guiyang,2021,8,9383
Guiyang,2021,9,9497
Guiyang,2021,10,9248
Guiyang,2021,11,9609
Guiyang,2021,12,9291
Guiyang,2022,1,9321
Guiyang,2022,2,9272
Guiyang,2022,3,9301
Guiyang,2022,4,9067
Guiyang,2022,5,9228
Guiyang,2022,6,9117
Guiyang,2022,7,9208
Guiyang,2022,8,9097
Guiyang,2022,9,8976
Guiyang,2022,10,9162
Guiyang,2022,11,9135
Guiyang,2022,12,9022
Guiyang,2023,1,8769
Guiyang,2023,2,8951
Guiyang,2023,3,9034
Guiyang,2023,4,8994
Guiyang,2023,5,9103
Guiyang,2023,6,8869
Guiyang,2023,7,8808
Guiyang,2023,8,8403
Guiyang,2023,9,8448
Guiyang,2023,10,8278
Guiyang,2023,11,8284
Guiyang,2023,12,8209
Guiyang,2024,1,8334
Guiyang,2024,2,8506
Guiyang,2024,3,8467
Guiyang,2024,4,8280
Guiyang,2024,5,8158
Guiyang,2024,6,8162
Guiyang,2024,7,8018
Guiyang,2024,8,8004
Guiyang,2024,9,8201
Guiyang,2024,10,8032
Guiyang,2024,11,8120
Guiyang,2024,12,7955
Haikou,2015,1,7146
Haikou,2015,2,7246
Haikou,2015,3,7448
Haikou,2015,4,7458
Haikou,2015,5,7387
Haikou,2015,6,7327
Haikou,2015,7,7346
Haikou,2015,8,7339
Haikou,2015,9,7354
Haikou,2015,10,7272
Haikou,2015,11,7264
Haikou,2015,12,7208
Haikou,2016,1,7208
Haikou,2016,2,7206
Haikou,2016,3,7323
Haikou,2016,4,7332
Haikou,2016,5,7387
Haikou,2016,6,7165
Haikou,2016,7,7149
Haikou,2016,8,7232
Haikou,2016,9,7384
Haikou,2016,10,7601
Haikou,2016,11,7453
Haikou,2016,12,7454
Haikou,2017,1,7675
Haikou,2017,2,7842
Haikou,2017,3,8220
Haikou,2017,4,9023
Haikou,2017,5,9530
Haikou,2017,6,9979
Haikou,2017,7,10012
Haikou,2017,8,10238
Haikou,2017,9,10708
Haikou,2017,10,11273
Haikou,2017,11,11881
Haikou,2017,12,11978
Haikou,2018,1,12738
Haikou,2018,2,13086
Haikou,2018,3,13693
Haikou,2018,4,14149
Haikou,2018,5,14455
Haikou,2018,6,14621
Haikou,2018,7,15261
Haikou,2018,8,15551
Haikou,2018,9,16712
Haikou,2018,10,15921
Haikou,2018,11,15773
Haikou,2018,12,15783
Haikou,2019,1,15823
Haikou,2019,2,15532
Haikou,2019,3,15543
Haikou,2019,4,15451
Haikou,2019,5,15470
Haikou,2019,6,15472
Haikou,2019,7,15312
Haikou,2019,8,15362
Haikou,2019,9,15151
Haikou,2019,10,14972
Haikou,2019,11,14920
Haikou,2019,12,14707
Haikou,2020,1,15244
Haikou,2020,2,15426
Haikou,2020,3,15355
Haikou,2020,4,15079
Haikou,2020,5,14412
Haikou,2020,6,14246
Haikou,2020,7,15043
Haikou,2020,8,14815
Haikou,2020,9,14720
Haikou,2020,10,14558
Haikou,2020,11,14755
Haikou,2020,12,14559
Haikou,2021,1,16120
Haikou,2021,2,15838
Haikou,2021,3,15246
Haikou,2021,4,16041
Haikou,2021,5,16846
Haikou,2021,6,16563
Haikou,2021,7,17403
Haikou,2021,8,17664
Haikou,2021,9,18382
Haikou,2021,10,18785
Haikou,2021,11,18286
Haikou,2021,12,19024
Haikou,2022,1,18431
Haikou,2022,2,18940
Haikou,2022,3,18327
Haikou,2022,4,18411
Haikou,2022,5,18159
Haikou,2022,6,17719
Haikou,2022,7,18079
Haikou,2022,8,17725
Haikou,2022,9,18893
Haikou,2022,10,19059
Haikou,2022,11,19087
Haikou,2022,12,17442
Haikou,2023,1,18194
Haikou,2023,2,17989
Haikou,2023,3,17551
Haikou,2023,4,17378
Haikou,2023,5,17056
Haikou,2023,6,17302
Haikou,2023,7,17536
Haikou,2023,8,17486
Haikou,2023,9,17257
Haikou,2023,10,16973
Haikou,2023,11,16766
Haikou,2023,12,16772
Haikou,2024,1,17230
Haikou,2024,2,17077
Haikou,2024,3,17162
Haikou,2024,4,16683
Haikou,2024,5,16554
Haikou,2024,6,16348
Haikou,2024,7,16065
Haikou,2024,8,16171
Haikou,2024,9,16111
Haikou,2024,10,15636
Haikou,2024,11,15342
Haikou,2024,12,15295
Hangzhou,2015,1,16808
Hangzhou,2015,2,16495
Hangzhou,2015,3,16313
Hangzhou,2015,4,16041
Hangzhou,2015,5,16026
Hangzhou,2015,6,16241
Hangzhou,2015,7,16377
Hangzhou,2015,8,16462
Hangzhou,2015,9,16414
Hangzhou,2015,10,16195
Hangzhou,2015,11,16196
Hangzhou,2015,12,16081
Hangzhou,2016,1,17272
Hangzhou,2016,2,17553
Hangzhou,2016,3,17944
Hangzhou,2016,4,18255
Hangzhou,2016,5,18090
Hangzhou,2016,6,18132
Hangzhou,2016,7,18244
Hangzhou,2016,8,18645
Hangzhou,2016,9,19049
Hangzhou,2016,10,20693
Hangzhou,2016,11,21189
Hangzhou,2016,12,21657
Hangzhou,2017,1,23735
Hangzhou,2017,2,24224
Hangzhou,2017,3,25113
Hangzhou,2017,4,25511
Hangzhou,2017,5,25728
Hangzhou,2017,6,25545
Hangzhou,2017,7,26394
Hangzhou,2017,8,27107
Hangzhou,2017,9,27682
Hangzhou,2017,10,28263
Hangzhou,2017,11,28564
Hangzhou,2017,12,28542
Hangzhou,2018,1,29198
Hangzhou,2018,2,29425
Hangzhou,2018,3,29869
Hangzhou,2018,4,30341
Hangzhou,2018,5,30561
Hangzhou,2018,6,31164
Hangzhou,2018,7,31403
Hangzhou,2018,8,30844
Hangzhou,2018,9,30203
Hangzhou,2018,10,30720
Hangzhou,2018,11,30663
Hangzhou,2018,12,30361
Hangzhou,2019,1,30554
Hangzhou,2019,2,31204
Hangzhou,2019,3,30811
Hangzhou,2019,4,30270
Hangzhou,2019,5,30902
Hangzhou,2019,6,30231
Hangzhou,2019,7,30662
Hangzhou,2019,8,30581
Hangzhou,2019,9,30512
Hangzhou,2019,10,30703
Hangzhou,2019,11,29253
Hangzhou,2019,12,28822
Hangzhou,2020,1,30174
Hangzhou,2020,2,29757
Hangzhou,2020,3,28933
Hangzhou,2020,4,29064
Hangzhou,2020,5,28957
Hangzhou,2020,6,31137
Hangzhou,2020,7,29524
Hangzhou,2020,8,30437
Hangzhou,2020,9,31070
Hangzhou,2020,10,30902
Hangzhou,2020,11,33211
Hangzhou,2020,12,33214
Hangzhou,2021,1,32592
Hangzhou,2021,2,34000
Hangzhou,2021,3,35515
Hangzhou,2021,4,36284
Hangzhou,2021,5,35052
Hangzhou,2021,6,36533
Hangzhou,2021,7,36376
Hangzhou,2021,8,35868
Hangzhou,2021,9,39244
Hangzhou,2021,10,36381
Hangzhou,2021,11,37450
Hangzhou,2021,12,42417
Hangzhou,2022,1,37782
Hangzhou,2022,2,38560
Hangzhou,2022,3,41963
Hangzhou,2022,4,41408
Hangzhou,2022,5,39513
Hangzhou,2022,6,39262
Hangzhou,2022,7,41598
Hangzhou,2022,8,42649
Hangzhou,2022,9,42661
Hangzhou,2022,10,42278
Hangzhou,2022,11,42463
Hangzhou,2022,12,38639
Hangzhou,2023,1,42134
Hangzhou,2023,2,39321
Hangzhou,2023,3,41675
Hangzhou,2023,4,42993
Hangzhou,2023,5,41186
Hangzhou,2023,6,40838
Hangzhou,2023,7,40338
Hangzhou,2023,8,37073
Hangzhou,2023,9,37976
Hangzhou,2023,10,37000
Hangzhou,2023,11,37201
Hangzhou,2023,12,36188
Hangzhou,2024,1,37699
Hangzhou,2024,2,37444
Hangzhou,2024,3,36549
Hangzhou,2024,4,35505
Hangzhou,2024,5,35416
Hangzhou,2024,6,35196
Hangzhou,2024,7,35411
Hangzhou,2024,8,34150
Hangzhou,2024,9,34757
Hangzhou,2024,10,35255
Hangzhou,2024,11,35419
Hangzhou,2024,12,35435
Harbin,2015,1,7627
Harbin,2015,2,7256
Harbin,2015,3,7511
Harbin,2015,4,7148
Harbin,2015,5,7395
Harbin,2015,6,8385
Harbin,2015,7,9073
Harbin,2015,8,9116
Harbin,2015,9,9069
Harbin,2015,10,9061
Harbin,2015,11,9053
Harbin,2015,12,9140
Harbin,2016,1,9140
Harbin,2016,2,8805
Harbin,2016,3,10028
Harbin,2016,4,10279
Harbin,2016,5,10200
Harbin,2016,6,9403
Harbin,2016,7,9300
Harbin,2016,8,8163
Harbin,2016,9,7844
Harbin,2016,10,7741
Harbin,2016,11,7664
Harbin,2016,12,7631
Harbin,2017,1,7645
Harbin,2017,2,7615
Harbin,2017,3,7678
Harbin,2017,4,7746
Harbin,2017,5,7813
Harbin,2017,6,7869
Harbin,2017,7,7802
Harbin,2017,8,7805
Harbin,2017,9,7860
Harbin,2017,10,7926
Harbin,2017,11,8185
Harbin,2017,12,8356
Harbin,2018,1,8834
Harbin,2018,2,9025
Harbin,2018,3,9332
Harbin,2018,4,9605
Harbin,2018,5,9758
Harbin,2018,6,10064
Harbin,2018,7,10001
Harbin,2018,8,10012
Harbin,2018,9,10070
Harbin,2018,10,10251
Harbin,2018,11,10662
Harbin,2018,12,10602
Harbin,2019,1,10361
Harbin,2019,2,10483
Harbin,2019,3,10730
Harbin,2019,4,10553
Harbin,2019,5,10840
Harbin,2019,6,10713
Harbin,2019,7,10813
Harbin,2019,8,10923
Harbin,2019,9,10943
Harbin,2019,10,10953
Harbin,2019,11,10931
Harbin,2019,12,10255
Harbin,2020,1,10607
Harbin,2020,2,10097
Harbin,2020,3,10533
Harbin,2020,4,9792
Harbin,2020,5,9864
Harbin,2020,6,10904
Harbin,2020,7,11262
Harbin,2020,8,10937
Harbin,2020,9,11012
Harbin,2020,10,10473
Harbin,2020,11,10875
Harbin,2020,12,10595
Harbin,2021,1,11153
Harbin,2021,2,10554
Harbin,2021,3,9933
Harbin,2021,4,10017
Harbin,2021,5,9615
Harbin,2021,6,10221
Harbin,2021,7,9632
Harbin,2021,8,9370
Harbin,2021,9,9518
Harbin,2021,10,9586
Harbin,2021,11,10296
Harbin,2021,12,9180
Harbin,2022,1,9506
Harbin,2022,2,9709
Harbin,2022,3,9283
Harbin,2022,4,9220
Harbin,2022,5,10747
Harbin,2022,6,9342
Harbin,2022,7,10743
Harbin,2022,8,10711
Harbin,2022,9,10688
Harbin,2022,10,10550
Harbin,2022,11,10510
Harbin,2022,12,8615
Harbin,2023,1,9605
Harbin,2023,2,9658
Harbin,2023,3,9123
Harbin,2023,4,8949
Harbin,2023,5,9027
Harbin,2023,6,8987
Harbin,2023,7,9213
Harbin,2023,8,9011
Harbin,2023,9,8894
Harbin,2023,10,8841
Harbin,2023,11,8713
Harbin,2023,12,8565
Harbin,2024,1,8817
Harbin,2024,2,8829
Harbin,2024,3,8792
Harbin,2024,4,8758
Harbin,2024,5,8692
Harbin,2024,6,8676
Harbin,2024,7,8589
Harbin,2024,8,8686
Harbin,2024,9,8589
Harbin,2024,10,8581
Harbin,2024,11,8541
Harbin,2024,12,8561
Hefei,2015,1,7858
Hefei,2015,2,7786
Hefei,2015,3,7831
Hefei,2015,4,7953
Hefei,2015,5,7997
Hefei,2015,6,8031
Hefei,2015,7,8111
Hefei,2015,8,8183
Hefei,2015,9,8271
Hefei,2015,10,8284
Hefei,2015,11,8408
Hefei,2015,12,8469
Hefei,2016,1,8580
Hefei,2016,2,8742
Hefei,2016,3,9615
Hefei,2016,4,10778
Hefei,2016,5,11411
Hefei,2016,6,11967
Hefei,2016,7,12555
Hefei,2016,8,13189
Hefei,2016,9,13778
Hefei,2016,10,14577
Hefei,2016,11,14686
Hefei,2016,12,14984
Hefei,2017,1,14997
Hefei,2017,2,14926
Hefei,2017,3,14886
Hefei,2017,4,14758
Hefei,2017,5,14736
Hefei,2017,6,14712
Hefei,2017,7,14632
Hefei,2017,8,14623
Hefei,2017,9,14559
Hefei,2017,10,14462
Hefei,2017,11,14421
Hefei,2017,12,14363
Hefei,2018,1,14277
Hefei,2018,2,14345
Hefei,2018,3,14375
Hefei,2018,4,14339
Hefei,2018,5,14376
Hefei,2018,6,13854
Hefei,2018,7,13913
Hefei,2018,8,14192
Hefei,2018,9,15322
Hefei,2018,10,15521
Hefei,2018,11,15460
Hefei,2018,12,15413
Hefei,2019,1,15354
Hefei,2019,2,15333
Hefei,2019,3,15413
Hefei,2019,4,15572
Hefei,2019,5,15803
Hefei,2019,6,15712
Hefei,2019,7,15840
Hefei,2019,8,15823
Hefei,2019,9,15873
Hefei,2019,10,15713
Hefei,2019,11,15740
Hefei,2019,12,15515
Hefei,2020,1,15417
Hefei,2020,2,15623
Hefei,2020,3,15532
Hefei,2020,4,16618
Hefei,2020,5,16422
Hefei,2020,6,16455
Hefei,2020,7,15737
Hefei,2020,8,16113
Hefei,2020,9,16129
Hefei,2020,10,17082
Hefei,2020,11,16953
Hefei,2020,12,16853
Hefei,2021,1,17257
Hefei,2021,2,17913
Hefei,2021,3,16311
Hefei,2021,4,20403
Hefei,2021,5,21851
Hefei,2021,6,21256
Hefei,2021,7,19846
Hefei,2021,8,20607
Hefei,2021,9,21218
Hefei,2021,10,20668
Hefei,2021,11,19978
Hefei,2021,12,20310
Hefei,2022,1,20325
Hefei,2022,2,21317
Hefei,2022,3,21047
Hefei,2022,4,20848
Hefei,2022,5,20974
Hefei,2022,6,20197
Hefei,2022,7,21042
Hefei,2022,8,20662
Hefei,2022,9,21250
Hefei,2022,10,20821
Hefei,2022,11,20822
Hefei,2022,12,20697
Hefei,2023,1,20402
Hefei,2023,2,20519
Hefei,2023,3,20815
Hefei,2023,4,20091
Hefei,2023,5,20585
Hefei,2023,6,20467
Hefei,2023,7,20805
Hefei,2023,8,18208
Hefei,2023,9,18423
Hefei,2023,10,18702
Hefei,2023,11,18143
Hefei,2023,12,17915
Hefei,2024,1,17995
Hefei,2024,2,19119
Hefei,2024,3,17861
Hefei,2024,4,17554
Hefei,2024,5,17855
Hefei,2024,6,18327
Hefei,2024,7,17258
Hefei,2024,8,17042
Hefei,2024,9,16657
Hefei,2024,10,17881
Hefei,2024,11,16642
Hefei,2024,12,22602
Hohhot,2015,1,4872
Hohhot,2015,2,4468
Hohhot,2015,3,5850
Hohhot,2015,4,5939
Hohhot,2015,5,6064
Hohhot,2015,6,6086
Hohhot,2015,7,6533
Hohhot,2015,8,7788
Hohhot,2015,9,6740
Hohhot,2015,10,6138
Hohhot,2015,11,7035
Hohhot,2015,12,5467
Hohhot,2016,1,6518
Hohhot,2016,2,6508
Hohhot,2016,3,6461
Hohhot,2016,4,6484
Hohhot,2016,5,6481
Hohhot,2016,6,6572
Hohhot,2016,7,6552
Hohhot,2016,8,6563
Hohhot,2016,9,6571
Hohhot,2016,10,6575
Hohhot,2016,11,6617
Hohhot,2016,12,6657
Hohhot,2017,1,6799
Hohhot,2017,2,6821
Hohhot,2017,3,6857
Hohhot,2017,4,6945
Hohhot,2017,5,7080
Hohhot,2017,6,7177
Hohhot,2017,7,7263
Hohhot,2017,8,7376
Hohhot,2017,9,7538
Hohhot,2017,10,7653
Hohhot,2017,11,7782
Hohhot,2017,12,7964
Hohhot,2018,1,8439
Hohhot,2018,2,8672
Hohhot,2018,3,9006
Hohhot,2018,4,9273
Hohhot,2018,5,9414
Hohhot,2018,6,9601
Hohhot,2018,7,10174
Hohhot,2018,8,10602
Hohhot,2018,9,10953
Hohhot,2018,10,10962
Hohhot,2018,11,10980
Hohhot,2018,12,11261
Hohhot,2019,1,11540
Hohhot,2019,2,11621
Hohhot,2019,3,11451
Hohhot,2019,4,11222
Hohhot,2019,5,11352
Hohhot,2019,6,11314
Hohhot,2019,7,11482
Hohhot,2019,8,11662
Hohhot,2019,9,12230
Hohhot,2019,10,11353
Hohhot,2019,11,11441
Hohhot,2019,12,10634
Hohhot,2020,1,10999
Hohhot,2020,2,11418
Hohhot,2020,3,11260
Hohhot,2020,4,11391
Hohhot,2020,5,11780
Hohhot,2020,6,11902
Hohhot,2020,7,11372
Hohhot,2020,8,11396
Hohhot,2020,9,11698
Hohhot,2020,10,11472
Hohhot,2020,11,11076
Hohhot,2020,12,11313
Hohhot,2021,1,11301
Hohhot,2021,2,11129
Hohhot,2021,3,11718
Hohhot,2021,4,11909
Hohhot,2021,5,11839
Hohhot,2021,6,11862
Hohhot,2021,7,11136
Hohhot,2021,8,11269
Hohhot,2021,9,11704
Hohhot,2021,10,11034
Hohhot,2021,11,11247
Hohhot,2021,12,10329
Hohhot,2022,1,11263
Hohhot,2022,2,11045
Hohhot,2022,3,11469
Hohhot,2022,4,10733
Hohhot,2022,5,10767
Hohhot,2022,6,10553
Hohhot,2022,7,10965
Hohhot,2022,8,10918
Hohhot,2022,9,10924
Hohhot,2022,10,10631
Hohhot,2022,11,10858
Hohhot,2022,12,10638
Hohhot,2023,1,10735
Hohhot,2023,2,10712
Hohhot,2023,3,10524
Hohhot,2023,4,10590
Hohhot,2023,5,10352
Hohhot,2023,6,10402
Hohhot,2023,7,10321
Hohhot,2023,8,10150
Hohhot,2023,9,9894
Hohhot,2023,10,9894
Hohhot,2023,11,9787
Hohhot,2023,12,9650
Hohhot,2024,1,9714
Hohhot,2024,2,9654
Hohhot,2024,3,9678
Hohhot,2024,4,9505
Hohhot,2024,5,9411
Hohhot,2024,6,9451
Hohhot,2024,7,9424
Hohhot,2024,8,9329
Hohhot,2024,9,9271
Hohhot,2024,10,9248
Hohhot,2024,11,9136
Hohhot,2024,12,9102
Jinan,2015,1,9222
Jinan,2015,2,9146
Jinan,2015,3,9146
Jinan,2015,4,9182
Jinan,2015,5,9207
Jinan,2015,6,9247
Jinan,2015,7,9285
Jinan,2015,8,9259
Jinan,2015,9,9355
Jinan,2015,10,9381
Jinan,2015,11,9534
Jinan,2015,12,9290
Jinan,2016,1,9290
Jinan,2016,2,9368
Jinan,2016,3,9487
Jinan,2016,4,9577
Jinan,2016,5,9580
Jinan,2016,6,9767
Jinan,2016,7,9688
Jinan,2016,8,9757
Jinan,2016,9,9866
Jinan,2016,10,10499
Jinan,2016,11,11216
Jinan,2016,12,11668
Jinan,2017,1,11995
Jinan,2017,2,12119
Jinan,2017,3,12879
Jinan,2017,4,13813
Jinan,2017,5,14187
Jinan,2017,6,14638
Jinan,2017,7,14913
Jinan,2017,8,15057
Jinan,2017,9,15317
Jinan,2017,10,15535
Jinan,2017,11,15767
Jinan,2017,12,15843
Jinan,2018,1,16484
Jinan,2018,2,16730
Jinan,2018,3,17169
Jinan,2018,4,17564
Jinan,2018,5,17728
Jinan,2018,6,18174
Jinan,2018,7,18194
Jinan,2018,8,18821
Jinan,2018,9,19141
Jinan,2018,10,18952
Jinan,2018,11,18751
Jinan,2018,12,18943
Jinan,2019,1,19142
Jinan,2019,2,19381
Jinan,2019,3,18954
Jinan,2019,4,18843
Jinan,2019,5,18511
Jinan,2019,6,18413
Jinan,2019,7,18783
Jinan,2019,8,18562
Jinan,2019,9,18743
Jinan,2019,10,18514
Jinan,2019,11,18272
Jinan,2019,12,17127
Jinan,2020,1,17494
Jinan,2020,2,16272
Jinan,2020,3,16412
Jinan,2020,4,15842
Jinan,2020,5,15833
Jinan,2020,6,16191
Jinan,2020,7,15817
Jinan,2020,8,15912
Jinan,2020,9,14768
Jinan,2020,10,17611
Jinan,2020,11,15253
Jinan,2020,12,14771
Jinan,2021,1,15754
Jinan,2021,2,15920
Jinan,2021,3,15423
Jinan,2021,4,16282
Jinan,2021,5,16330
Jinan,2021,6,15659
Jinan,2021,7,16140
Jinan,2021,8,15427
Jinan,2021,9,16160
Jinan,2021,10,15825
Jinan,2021,11,15672
Jinan,2021,12,15853
Jinan,2022,1,16009
Jinan,2022,2,16401
Jinan,2022,3,15768
Jinan,2022,4,15725
Jinan,2022,5,13459
Jinan,2022,6,14337
Jinan,2022,7,16350
Jinan,2022,8,16728
Jinan,2022,9,16997
Jinan,2022,10,17759
Jinan,2022,11,17772
Jinan,2022,12,16265
Jinan,2023,1,17087
Jinan,2023,2,16915
Jinan,2023,3,16298
Jinan,2023,4,16699
Jinan,2023,5,16351
Jinan,2023,6,16536
Jinan,2023,7,16445
Jinan,2023,8,16430
Jinan,2023,9,16592
Jinan,2023,10,16369
Jinan,2023,11,16109
Jinan,2023,12,15987
Jinan,2024,1,16284
Jinan,2024,2,16251
Jinan,2024,3,16142
Jinan,2024,4,15801
Jinan,2024,5,15660
Jinan,2024,6,15754
Jinan,2024,7,15477
Jinan,2024,8,15437
Jinan,2024,9,15164
Jinan,2024,10,15198
Jinan,2024,11,15006
Jinan,2024,12,15044
Kunming,2015,1,8010
Kunming,2015,2,7989
Kunming,2015,3,7918
Kunming,2015,4,7996
Kunming,2015,5,8044
Kunming,2015,6,8030
Kunming,2015,7,8056
Kunming,2015,8,8102
Kunming,2015,9,8186
Kunming,2015,10,8240
Kunming,2015,11,8059
Kunming,2015,12,8210
Kunming,2016,1,8210
Kunming,2016,2,8213
Kunming,2016,3,8242
Kunming,2016,4,8352
Kunming,2016,5,8423
Kunming,2016,6,8399
Kunming,2016,7,8418
Kunming,2016,8,8404
Kunming,2016,9,8437
Kunming,2016,10,8415
Kunming,2016,11,8453
Kunming,2016,12,8493
Kunming,2017,1,8477
Kunming,2017,2,8559
Kunming,2017,3,8651
Kunming,2017,4,8740
Kunming,2017,5,8849
Kunming,2017,6,9023
Kunming,2017,7,9125
Kunming,2017,8,9298
Kunming,2017,9,9470
Kunming,2017,10,9573
Kunming,2017,11,9668
Kunming,2017,12,9780
Kunming,2018,1,10056
Kunming,2018,2,10152
Kunming,2018,3,10286
Kunming,2018,4,10436
Kunming,2018,5,10706
Kunming,2018,6,10453
Kunming,2018,7,10894
Kunming,2018,8,10903
Kunming,2018,9,12132
Kunming,2018,10,12622
Kunming,2018,11,12611
Kunming,2018,12,12501
Kunming,2019,1,12570
Kunming,2019,2,12654
Kunming,2019,3,12601
Kunming,2019,4,12803
Kunming,2019,5,12782
Kunming,2019,6,12821
Kunming,2019,7,12722
Kunming,2019,8,12880
Kunming,2019,9,13113
Kunming,2019,10,13140
Kunming,2019,11,13213
Kunming,2019,12,13439
Kunming,2020,1,13551
Kunming,2020,2,13724
Kunming,2020,3,13682
Kunming,2020,4,13454
Kunming,2020,5,13979
Kunming,2020,6,13622
Kunming,2020,7,13855
Kunming,2020,8,13419
Kunming,2020,9,13953
Kunming,2020,10,13753
Kunming,2020,11,13371
Kunming,2020,12,14547
Kunming,2021,1,13545
Kunming,2021,2,13640
Kunming,2021,3,13545
Kunming,2021,4,14295
Kunming,2021,5,14465
Kunming,2021,6,14066
Kunming,2021,7,13571
Kunming,2021,8,13504
Kunming,2021,9,14478
Kunming,2021,10,14386
Kunming,2021,11,14431
Kunming,2021,12,14011
Kunming,2022,1,13831
Kunming,2022,2,14038
Kunming,2022,3,13809
Kunming,2022,4,13814
Kunming,2022,5,13937
Kunming,2022,6,13709
Kunming,2022,7,13969
Kunming,2022,8,13841
Kunming,2022,9,13763
Kunming,2022,10,13625
Kunming,2022,11,13438
Kunming,2022,12,13451
Kunming,2023,1,13568
Kunming,2023,2,13636
Kunming,2023,3,13477
Kunming,2023,4,13315
Kunming,2023,5,13058
Kunming,2023,6,13282
Kunming,2023,7,13039
Kunming,2023,8,12731
Kunming,2023,9,12705
Kunming,2023,10,12534
Kunming,2023,11,12494
Kunming,2023,12,12673
Kunming,2024,1,12270
Kunming,2024,2,12080
Kunming,2024,3,12061
Kunming,2024,4,11969
Kunming,2024,5,11820
Kunming,2024,6,11701
Kunming,2024,7,11603
Kunming,2024,8,11570
Kunming,2024,9,11478
Kunming,2024,10,11313
Kunming,2024,11,11302
Kunming,2024,12,11203
Lanzhou,2015,1,8859
Lanzhou,2015,2,8771
Lanzhou,2015,3,8332
Lanzhou,2015,4,8241
Lanzhou,2015,5,8166
Lanzhou,2015,6,8357
Lanzhou,2015,7,8709
Lanzhou,2015,8,8667
Lanzhou,2015,9,8701
Lanzhou,2015,10,8685
Lanzhou,2015,11,8593
Lanzhou,2015,12,8473
Lanzhou,2016,1,8473
Lanzhou,2016,2,8508
Lanzhou,2016,3,8582
Lanzhou,2016,4,8806
Lanzhou,2016,5,8844
Lanzhou,2016,6,8821
Lanzhou,2016,7,8813
Lanzhou,2016,8,8870
Lanzhou,2016,9,8810
Lanzhou,2016,10,8693
Lanzhou,2016,11,8943
Lanzhou,2016,12,9023
Lanzhou,2017,1,9369
Lanzhou,2017,2,9451
Lanzhou,2017,3,9470
Lanzhou,2017,4,9576
Lanzhou,2017,5,9633
Lanzhou,2017,6,9721
Lanzhou,2017,7,9842
Lanzhou,2017,8,9989
Lanzhou,2017,9,9924
Lanzhou,2017,10,9852
Lanzhou,2017,11,9960
Lanzhou,2017,12,9998
Lanzhou,2018,1,10094
Lanzhou,2018,2,10170
Lanzhou,2018,3,10291
Lanzhou,2018,4,10356
Lanzhou,2018,5,10364
Lanzhou,2018,6,10371
Lanzhou,2018,7,10674
Lanzhou,2018,8,10842
Lanzhou,2018,9,10954
Lanzhou,2018,10,11110
Lanzhou,2018,11,11383
Lanzhou,2018,12,11410
Lanzhou,2019,1,11623
Lanzhou,2019,2,11652
Lanzhou,2019,3,11811
Lanzhou,2019,4,11882
Lanzhou,2019,5,11901
Lanzhou,2019,6,11913
Lanzhou,2019,7,12280
Lanzhou,2019,8,12253
Lanzhou,2019,9,12262
Lanzhou,2019,10,12362
Lanzhou,2019,11,12342
Lanzhou,2019,12,12382
Lanzhou,2020,1,12056
Lanzhou,2020,2,12678
Lanzhou,2020,3,12614
Lanzhou,2020,4,12385
Lanzhou,2020,5,12319
Lanzhou,2020,6,12966
Lanzhou,2020,7,13139
Lanzhou,2020,8,12471
Lanzhou,2020,9,13204
Lanzhou,2020,10,12482
Lanzhou,2020,11,12605
Lanzhou,2020,12,12527
Lanzhou,2021,1,13046
Lanzhou,2021,2,12711
Lanzhou,2021,3,13442
Lanzhou,2021,4,12912
Lanzhou,2021,5,12917
Lanzhou,2021,6,13179
Lanzhou,2021,7,12602
Lanzhou,2021,8,12447
Lanzhou,2021,9,12902
Lanzhou,2021,10,12370
Lanzhou,2021,11,10679
Lanzhou,2021,12,12033
Lanzhou,2022,1,11778
Lanzhou,2022,2,12348
Lanzhou,2022,3,12377
Lanzhou,2022,4,12588
Lanzhou,2022,5,12228
Lanzhou,2022,6,12164
Lanzhou,2022,7,11936
Lanzhou,2022,8,12575
Lanzhou,2022,9,11975
Lanzhou,2022,10,12077
Lanzhou,2022,11,12211
Lanzhou,2022,12,11775
Lanzhou,2023,1,12155
Lanzhou,2023,2,12003
Lanzhou,2023,3,12002
Lanzhou,2023,4,11927
Lanzhou,2023,5,11890
Lanzhou,2023,6,11725
Lanzhou,2023,7,11532
Lanzhou,2023,8,11354
Lanzhou,2023,9,11319
Lanzhou,2023,10,11300
Lanzhou,2023,11,11063
Lanzhou,2023,12,10950
Lanzhou,2024,1,10936
Lanzhou,2024,2,10854
Lanzhou,2024,3,10843
Lanzhou,2024,4,10800
Lanzhou,2024,5,10598
Lanzhou,2024,6,10333
Lanzhou,2024,7,10262
Lanzhou,2024,8,10181
Lanzhou,2024,9,10170
Lanzhou,2024,10,10041
Lanzhou,2024,11,10104
Lanzhou,2024,12,9943
Lhasa,2015,4,6594
Lhasa,2015,5,6687
Lhasa,2015,6,6935
Lhasa,2015,7,6960
Lhasa,2015,8,6918
Lhasa,2015,9,7174
Lhasa,2015,10,7098
Lhasa,2015,11,5985
Lhasa,2015,12,6170
Lhasa,2016,1,6640
Lhasa,2016,2,6711
Lhasa,2016,3,6926
Lhasa,2016,4,7108
Lhasa,2016,5,7142
Lhasa,2016,6,7341
Lhasa,2016,7,7574
Lhasa,2016,8,7476
Lhasa,2016,9,7407
Lhasa,2016,10,7619
Lhasa,2016,11,7663
Lhasa,2016,12,7616
Lhasa,2017,1,7689
Lhasa,2017,2,7672
Lhasa,2017,3,7947
Lhasa,2017,4,8299
Lhasa,2017,5,8418
Lhasa,2017,6,8221
Lhasa,2017,7,8650
Lhasa,2017,8,9087
Lhasa,2017,9,8884
Lhasa,2017,10,8837
Lhasa,2017,11,9179
Lhasa,2017,12,9182
Lhasa,2018,1,9371
Lhasa,2018,2,9532
Lhasa,2018,3,9727
Lhasa,2018,4,9967
Lhasa,2018,5,10099
Lhasa,2018,6,10013
Lhasa,2018,7,10002
Lhasa,2018,8,10604
Lhasa,2018,9,10583
Lhasa,2018,10,10651
Lhasa,2018,11,10771
Lhasa,2018,12,10753
Lhasa,2019,1,10654
Lhasa,2019,2,10621
Lhasa,2019,3,10814
Lhasa,2019,4,10973
Lhasa,2019,5,10862
Lhasa,2019,6,11170
Lhasa,2019,7,11353
Lhasa,2019,8,11410
Lhasa,2019,9,11520
Lhasa,2019,10,11501
Lhasa,2019,11,11671
Lhasa,2019,12,10898
Lhasa,2020,1,11001
Lhasa,2020,2,11687
Lhasa,2020,3,11789
Lhasa,2020,4,11483
Lhasa,2020,5,11694
Lhasa,2020,6,11336
Lhasa,2020,7,11713
Lhasa,2020,8,11478
Lhasa,2020,9,11793
Lhasa,2020,10,11869
Lhasa,2020,11,11825
Lhasa,2020,12,12264
Lhasa,2021,1,11785
Lhasa,2021,2,11727
Lhasa,2021,3,11101
Lhasa,2021,4,11398
Lhasa,2021,5,12268
Lhasa,2021,6,11870
Lhasa,2021,7,11552
Lhasa,2021,8,11569
Lhasa,2021,9,12482
Lhasa,2021,10,11385
Lhasa,2021,11,11399
Lhasa,2021,12,11223
Lhasa,2022,1,11359
Lhasa,2022,2,12080
Lhasa,2022,3,11730
Lhasa,2022,4,12064
Lhasa,2022,5,11901
Lhasa,2022,6,11565
Lhasa,2022,7,11241
Lhasa,2022,8,11335
Lhasa,2022,9,11268
Lhasa,2022,10,11715
Lhasa,2022,11,11374
Lhasa,2022,12,11116
Lhasa,2023,1,11471
Lhasa,2023,2,11545
Lhasa,2023,3,11525
Lhasa,2023,4,11286
Lhasa,2023,5,10676
Lhasa,2023,6,10515
Lhasa,2023,7,11132
Lhasa,2023,8,11692
Lhasa,2023,9,11483
Lhasa,2023,10,11538
Lhasa,2023,11,11732
Lhasa,2023,12,11812
Lhasa,2024,1,11459
Lhasa,2024,2,11427
Lhasa,2024,3,11253
Lhasa,2024,4,11661
Lhasa,2024,5,11701
Lhasa,2024,6,11720
Lhasa,2024,7,11745
Lhasa,2024,8,11631
Lhasa,2024,9,11682
Lhasa,2024,10,11676
Lhasa,2024,11,11716
Lhasa,2024,12,11833
Nanchang,2015,1,9089
Nanchang,2015,2,9100
Nanchang,2015,3,9144
Nanchang,2015,4,9191
Nanchang,2015,5,9241
Nanchang,2015,6,9244
Nanchang,2015,7,9271
Nanchang,2015,8,9344
Nanchang,2015,9,9311
Nanchang,2015,10,9283
Nanchang,2015,11,9259
Nanchang,2015,12,9221
Nanchang,2016,1,9221
Nanchang,2016,2,9186
Nanchang,2016,3,9184
Nanchang,2016,4,9206
Nanchang,2016,5,9297
Nanchang,2016,6,9308
Nanchang,2016,7,9350
Nanchang,2016,8,9376
Nanchang,2016,9,9380
Nanchang,2016,10,9490
Nanchang,2016,11,9492
Nanchang,2016,12,9996
Nanchang,2017,1,10576
Nanchang,2017,2,10655
Nanchang,2017,3,10706
Nanchang,2017,4,10767
Nanchang,2017,5,10867
Nanchang,2017,6,10904
Nanchang,2017,7,10987
Nanchang,2017,8,11123
Nanchang,2017,9,11203
Nanchang,2017,10,11307
Nanchang,2017,11,11357
Nanchang,2017,12,11397
Nanchang,2018,1,11778
Nanchang,2018,2,11734
Nanchang,2018,3,11633
Nanchang,2018,4,11678
Nanchang,2018,5,11734
Nanchang,2018,6,10172
Nanchang,2018,7,10353
Nanchang,2018,8,10312
Nanchang,2018,9,11243
Nanchang,2018,10,11503
Nanchang,2018,11,11821
Nanchang,2018,12,11531
Nanchang,2019,1,10813
Nanchang,2019,2,12812
Nanchang,2019,3,12730
Nanchang,2019,4,12581
Nanchang,2019,5,12654
Nanchang,2019,6,12801
Nanchang,2019,7,12572
Nanchang,2019,8,12352
Nanchang,2019,9,12451
Nanchang,2019,10,12801
Nanchang,2019,11,12463
Nanchang,2019,12,11965
Nanchang,2020,1,12137
Nanchang,2020,2,12295
Nanchang,2020,3,13248
Nanchang,2020,4,13446
Nanchang,2020,5,12957
Nanchang,2020,6,12952
Nanchang,2020,7,11947
Nanchang,2020,8,12000
Nanchang,2020,9,11788
Nanchang,2020,10,12861
Nanchang,2020,11,11946
Nanchang,2020,12,13095
Nanchang,2021,1,13205
Nanchang,2021,2,13070
Nanchang,2021,3,13021
Nanchang,2021,4,12599
Nanchang,2021,5,11810
Nanchang,2021,6,11999
Nanchang,2021,7,12271
Nanchang,2021,8,12919
Nanchang,2021,9,14272
Nanchang,2021,10,13467
Nanchang,2021,11,12411
Nanchang,2021,12,12675
Nanchang,2022,1,11908
Nanchang,2022,2,12656
Nanchang,2022,3,12691
Nanchang,2022,4,12725
Nanchang,2022,5,13903
Nanchang,2022,6,13798
Nanchang,2022,7,14654
Nanchang,2022,8,14554
Nanchang,2022,9,14444
Nanchang,2022,10,14577
Nanchang,2022,11,13071
Nanchang,2022,12,12804
Nanchang,2023,1,13502
Nanchang,2023,2,13660
Nanchang,2023,3,13496
Nanchang,2023,4,13043
Nanchang,2023,5,13195
Nanchang,2023,6,13461
Nanchang,2023,7,13410
Nanchang,2023,8,12398
Nanchang,2023,9,12295
Nanchang,2023,10,12433
Nanchang,2023,11,11708
Nanchang,2023,12,10802
Nanchang,2024,1,11120
Nanchang,2024,2,11861
Nanchang,2024,3,12382
Nanchang,2024,4,12164
Nanchang,2024,5,12011
Nanchang,2024,6,11977
Nanchang,2024,7,11737
Nanchang,2024,8,11570
Nanchang,2024,9,11838
Nanchang,2024,10,11423
Nanchang,2024,11,11662
Nanchang,2024,12,11437
Nanjing,2015,1,18296
Nanjing,2015,2,18232
Nanjing,2015,3,18132
Nanjing,2015,4,18265
Nanjing,2015,5,18474
Nanjing,2015,6,18523
Nanjing,2015,7,18503
Nanjing,2015,8,18447
Nanjing,2015,9,18437
Nanjing,2015,10,18597
Nanjing,2015,11,18595
Nanjing,2015,12,18698
Nanjing,2016,1,18969
Nanjing,2016,2,19010
Nanjing,2016,3,19687
Nanjing,2016,4,20192
Nanjing,2016,5,20692
Nanjing,2016,6,21457
Nanjing,2016,7,21354
Nanjing,2016,8,21502
Nanjing,2016,9,22093
Nanjing,2016,10,23649
Nanjing,2016,11,24717
Nanjing,2016,12,24869
Nanjing,2017,1,25002
Nanjing,2017,2,25059
Nanjing,2017,3,25473
Nanjing,2017,4,25702
Nanjing,2017,5,25889
Nanjing,2017,6,25916
Nanjing,2017,7,25997
Nanjing,2017,8,26038
Nanjing,2017,9,26006
Nanjing,2017,10,25879
Nanjing,2017,11,25770
Nanjing,2017,12,25735
Nanjing,2018,1,26290
Nanjing,2018,2,26423
Nanjing,2018,3,26865
Nanjing,2018,4,27202
Nanjing,2018,5,27385
Nanjing,2018,6,27883
Nanjing,2018,7,28224
Nanjing,2018,8,28184
Nanjing,2018,9,29533
Nanjing,2018,10,29583
Nanjing,2018,11,29454
Nanjing,2018,12,29822
Nanjing,2019,1,29773
Nanjing,2019,2,30763
Nanjing,2019,3,30861
Nanjing,2019,4,30661
Nanjing,2019,5,30810
Nanjing,2019,6,30342
Nanjing,2019,7,30713
Nanjing,2019,8,30081
Nanjing,2019,9,31360
Nanjing,2019,10,30873
Nanjing,2019,11,30671
Nanjing,2019,12,30322
Nanjing,2020,1,29615
Nanjing,2020,2,30759
Nanjing,2020,3,28808
Nanjing,2020,4,30991
Nanjing,2020,5,29461
Nanjing,2020,6,31752
Nanjing,2020,7,30947
Nanjing,2020,8,31046
Nanjing,2020,9,31481
Nanjing,2020,10,33527
Nanjing,2020,11,32331
Nanjing,2020,12,31339
Nanjing,2021,1,33616
Nanjing,2021,2,32329
Nanjing,2021,3,32939
Nanjing,2021,4,32829
Nanjing,2021,5,32422
Nanjing,2021,6,34013
Nanjing,2021,7,33035
Nanjing,2021,8,33783
Nanjing,2021,9,35796
Nanjing,2021,10,34605
Nanjing,2021,11,35564
Nanjing,2021,12,32443
Nanjing,2022,1,36178
Nanjing,2022,2,34331
Nanjing,2022,3,36206
Nanjing,2022,4,34223
Nanjing,2022,5,34001
Nanjing,2022,6,35270
Nanjing,2022,7,34188
Nanjing,2022,8,34024
Nanjing,2022,9,33684
Nanjing,2022,10,33144
Nanjing,2022,11,33002
Nanjing,2022,12,33642
Nanjing,2023,1,33440
Nanjing,2023,2,33939
Nanjing,2023,3,34741
Nanjing,2023,4,34640
Nanjing,2023,5,32261
Nanjing,2023,6,30921
Nanjing,2023,7,31641
Nanjing,2023,8,30070
Nanjing,2023,9,30465
Nanjing,2023,10,30793
Nanjing,2023,11,29602
Nanjing,2023,12,29306
Nanjing,2024,1,28686
Nanjing,2024,2,28840
Nanjing,2024,3,28394
Nanjing,2024,4,27541
Nanjing,2024,5,26992
Nanjing,2024,6,27055
Nanjing,2024,7,26543
Nanjing,2024,8,26774
Nanjing,2024,9,26363
Nanjing,2024,10,26089
Nanjing,2024,11,26160
Nanjing,2024,12,26187
Nanning,2015,1,6189
Nanning,2015,2,6296
Nanning,2015,3,6442
Nanning,2015,4,6549
Nanning,2015,5,6560
Nanning,2015,6,6770
Nanning,2015,7,7115
Nanning,2015,8,7220
Nanning,2015,9,7035
Nanning,2015,10,6614
Nanning,2015,11,6718
Nanning,2015,12,6754
Nanning,2016,1,6754
Nanning,2016,2,6734
Nanning,2016,3,6913
Nanning,2016,4,7090
Nanning,2016,5,7234
Nanning,2016,6,7104
Nanning,2016,7,7105
Nanning,2016,8,7093
Nanning,2016,9,7093
Nanning,2016,10,7267
Nanning,2016,11,7211
Nanning,2016,12,7269
Nanning,2017,1,7432
Nanning,2017,2,7485
Nanning,2017,3,7637
Nanning,2017,4,7831
Nanning,2017,5,8035
Nanning,2017,6,8289
Nanning,2017,7,8568
Nanning,2017,8,8791
Nanning,2017,9,8921
Nanning,2017,10,9029
Nanning,2017,11,9435
Nanning,2017,12,9524
Nanning,2018,1,9900
Nanning,2018,2,10137
Nanning,2018,3,10414
Nanning,2018,4,10562
Nanning,2018,5,10639
Nanning,2018,6,10851
Nanning,2018,7,10752
Nanning,2018,8,10004
Nanning,2018,9,10982
Nanning,2018,10,11213
Nanning,2018,11,11232
Nanning,2018,12,11130
Nanning,2019,1,11173
Nanning,2019,2,11452
Nanning,2019,3,11722
Nanning,2019,4,11871
Nanning,2019,5,11833
Nanning,2019,6,11854
Nanning,2019,7,11862
Nanning,2019,8,11882
Nanning,2019,9,11932
Nanning,2019,10,12261
Nanning,2019,11,12240
Nanning,2019,12,11573
Nanning,2020,1,12297
Nanning,2020,2,12652
Nanning,2020,3,12287
Nanning,2020,4,12737
Nanning,2020,5,12620
Nanning,2020,6,11876
Nanning,2020,7,12499
Nanning,2020,8,12318
Nanning,2020,9,12118
Nanning,2020,10,12639
Nanning,2020,11,12262
Nanning,2020,12,13028
Nanning,2021,1,13211
Nanning,2021,2,13004
Nanning,2021,3,13380
Nanning,2021,4,13496
Nanning,2021,5,13591
Nanning,2021,6,13332
Nanning,2021,7,12751
Nanning,2021,8,13020
Nanning,2021,9,12791
Nanning,2021,10,12849
Nanning,2021,11,12837
Nanning,2021,12,13444
Nanning,2022,1,12979
Nanning,2022,2,13461
Nanning,2022,3,13096
Nanning,2022,4,12844
Nanning,2022,5,12794
Nanning,2022,6,12711
Nanning,2022,7,12994
Nanning,2022,8,13085
Nanning,2022,9,12841
Nanning,2022,10,12924
Nanning,2022,11,12487
Nanning,2022,12,12350
Nanning,2023,1,12121
Nanning,2023,2,12503
Nanning,2023,3,12683
Nanning,2023,4,12345
Nanning,2023,5,12266
Nanning,2023,6,11993
Nanning,2023,7,12362
Nanning,2023,8,11255
Nanning,2023,9,11274
Nanning,2023,10,11080
Nanning,2023,11,11070
Nanning,2023,12,10908
Nanning,2024,1,10951
Nanning,2024,2,10918
Nanning,2024,3,10131
Nanning,2024,4,10106
Nanning,2024,5,10255
Nanning,2024,6,10031
Nanning,2024,7,10122
Nanning,2024,8,10044
Nanning,2024,9,10040
Nanning,2024,10,10018
Nanning,2024,11,9992
Nanning,2024,12,9982
Shanghai,2015,1,30829
Shanghai,2015,2,31201
Shanghai,2015,3,31201
Shanghai,2015,4,31139
Shanghai,2015,5,31610
Shanghai,2015,6,32033
Shanghai,2015,7,32595
Shanghai,2015,8,32716
Shanghai,2015,9,33076
Shanghai,2015,10,33473
Shanghai,2015,11,34170
Shanghai,2015,12,35240
Shanghai,2016,1,36668
Shanghai,2016,2,37798
Shanghai,2016,3,43844
Shanghai,2016,4,45401
Shanghai,2016,5,45488
Shanghai,2016,6,45415
Shanghai,2016,7,45342
Shanghai,2016,8,46275
Shanghai,2016,9,48013
Shanghai,2016,10,49769
Shanghai,2016,11,51297
Shanghai,2016,12,52147
Shanghai,2017,1,52645
Shanghai,2017,2,53233
Shanghai,2017,3,52151
Shanghai,2017,4,51796
Shanghai,2017,5,53924
Shanghai,2017,6,53348
Shanghai,2017,7,52810
Shanghai,2017,8,50679
Shanghai,2017,9,50927
Shanghai,2017,10,50765
Shanghai,2017,11,50002
Shanghai,2017,12,50022
Shanghai,2018,1,50766
Shanghai,2018,2,51878
Shanghai,2018,3,51940
Shanghai,2018,4,50950
Shanghai,2018,5,50987
Shanghai,2018,6,51192
Shanghai,2018,7,52643
Shanghai,2018,8,52731
Shanghai,2018,9,51603
Shanghai,2018,10,50504
Shanghai,2018,11,50520
Shanghai,2018,12,51143
Shanghai,2019,1,51963
Shanghai,2019,2,52654
Shanghai,2019,3,51122
Shanghai,2019,4,51421
Shanghai,2019,5,50913
Shanghai,2019,6,50623
Shanghai,2019,7,52303
Shanghai,2019,8,52313
Shanghai,2019,9,52212
Shanghai,2019,10,52303
Shanghai,2019,11,52762
Shanghai,2019,12,52986
Shanghai,2020,1,54087
Shanghai,2020,2,54259
Shanghai,2020,3,55284
Shanghai,2020,4,52804
Shanghai,2020,5,52942
Shanghai,2020,6,54627
Shanghai,2020,7,55256
Shanghai,2020,8,55235
Shanghai,2020,9,57055
Shanghai,2020,10,57701
Shanghai,2020,11,57489
Shanghai,2020,12,58715
Shanghai,2021,1,60935
Shanghai,2021,2,60391
Shanghai,2021,3,64737
Shanghai,2021,4,67534
Shanghai,2021,5,69313
Shanghai,2021,6,69532
Shanghai,2021,7,69577
Shanghai,2021,8,67342
Shanghai,2021,9,63030
Shanghai,2021,10,65518
Shanghai,2021,11,65503
Shanghai,2021,12,68089
Shanghai,2022,1,67867
Shanghai,2022,2,67986
Shanghai,2022,3,69176
Shanghai,2022,4,62400
Shanghai,2022,5,66818
Shanghai,2022,6,67297
Shanghai,2022,7,66114
Shanghai,2022,8,66004
Shanghai,2022,9,68023
Shanghai,2022,10,68651
Shanghai,2022,11,68909
Shanghai,2022,12,68121
Shanghai,2023,1,71613
Shanghai,2023,2,69534
Shanghai,2023,3,68591
Shanghai,2023,4,69985
Shanghai,2023,5,70059
Shanghai,2023,6,69097
Shanghai,2023,7,67145
Shanghai,2023,8,70228
Shanghai,2023,9,71421
Shanghai,2023,10,71255
Shanghai,2023,11,69122
Shanghai,2023,12,70764
Shanghai,2024,1,70527
Shanghai,2024,2,74753
Shanghai,2024,3,68748
Shanghai,2024,4,67911
Shanghai,2024,5,69431
Shanghai,2024,6,67592
Shanghai,2024,7,68119
Shanghai,2024,8,68295
Shanghai,2024,9,66516
Shanghai,2024,10,65780
Shanghai,2024,11,65471
Shanghai,2024,12,66131
Shenyang,2015,1,7493
Shenyang,2015,2,7434
Shenyang,2015,3,7446
Shenyang,2015,4,7427
Shenyang,2015,5,7465
Shenyang,2015,6,7521
Shenyang,2015,7,7441
Shenyang,2015,8,7502
Shenyang,2015,9,7466
Shenyang,2015,10,7340
Shenyang,2015,11,7205
Shenyang,2015,12,7249
Shenyang,2016,1,7249
Shenyang,2016,2,7278
Shenyang,2016,3,7417
Shenyang,2016,4,7373
Shenyang,2016,5,7325
Shenyang,2016,6,7254
Shenyang,2016,7,7241
Shenyang,2016,8,7230
Shenyang,2016,9,7237
Shenyang,2016,10,7300
Shenyang,2016,11,7184
Shenyang,2016,12,7249
Shenyang,2017,1,7281
Shenyang,2017,2,7358
Shenyang,2017,3,7374
Shenyang,2017,4,7435
Shenyang,2017,5,7500
Shenyang,2017,6,7642
Shenyang,2017,7,7595
Shenyang,2017,8,7579
Shenyang,2017,9,7630
Shenyang,2017,10,7711
Shenyang,2017,11,7979
Shenyang,2017,12,8006
Shenyang,2018,1,8364
Shenyang,2018,2,8487
Shenyang,2018,3,8771
Shenyang,2018,4,8995
Shenyang,2018,5,9123
Shenyang,2018,6,9393
Shenyang,2018,7,9684
Shenyang,2018,8,9892
Shenyang,2018,9,10023
Shenyang,2018,10,10102
Shenyang,2018,11,10102
Shenyang,2018,12,10143
Shenyang,2019,1,10232
Shenyang,2019,2,10443
Shenyang,2019,3,10663
Shenyang,2019,4,10554
Shenyang,2019,5,10682
Shenyang,2019,6,10814
Shenyang,2019,7,10742
Shenyang,2019,8,10830
Shenyang,2019,9,10932
Shenyang,2019,10,10912
Shenyang,2019,11,11132
Shenyang,2019,12,11291
Shenyang,2020,1,10979
Shenyang,2020,2,11652
Shenyang,2020,3,11320
Shenyang,2020,4,11465
Shenyang,2020,5,10701
Shenyang,2020,6,11537
Shenyang,2020,7,11721
Shenyang,2020,8,11992
Shenyang,2020,9,11328
Shenyang,2020,10,10821
Shenyang,2020,11,11576
Shenyang,2020,12,11828
Shenyang,2021,1,12216
Shenyang,2021,2,11739
Shenyang,2021,3,11200
Shenyang,2021,4,12553
Shenyang,2021,5,13146
Shenyang,2021,6,12535
Shenyang,2021,7,12498
Shenyang,2021,8,12586
Shenyang,2021,9,11999
Shenyang,2021,10,11543
Shenyang,2021,11,11094
Shenyang,2021,12,11439
Shenyang,2022,1,12184
Shenyang,2022,2,11993
Shenyang,2022,3,11830
Shenyang,2022,4,12429
Shenyang,2022,5,11975
Shenyang,2022,6,11402
Shenyang,2022,7,11533
Shenyang,2022,8,11291
Shenyang,2022,9,11357
Shenyang,2022,10,11453
Shenyang,2022,11,11818
Shenyang,2022,12,11344
Shenyang,2023,1,11037
Shenyang,2023,2,10973
Shenyang,2023,3,10969
Shenyang,2023,4,11068
Shenyang,2023,5,11253
Shenyang,2023,6,11273
Shenyang,2023,7,10724
Shenyang,2023,8,10102
Shenyang,2023,9,10113
Shenyang,2023,10,9891
Shenyang,2023,11,9702
Shenyang,2023,12,9816
Shenyang,2024,1,9941
Shenyang,2024,2,9698
Shenyang,2024,3,9592
Shenyang,2024,4,9507
Shenyang,2024,5,9194
Shenyang,2024,6,9086
Shenyang,2024,7,9150
Shenyang,2024,8,9088
Shenyang,2024,9,9084
Shenyang,2024,10,9158
Shenyang,2024,11,9035
Shenyang,2024,12,9010
Shenzhen,2015,1,28995
Shenzhen,2015,2,29112
Shenzhen,2015,3,29438
Shenzhen,2015,4,30794
Shenzhen,2015,5,33387
Shenzhen,2015,6,36765
Shenzhen,2015,7,39903
Shenzhen,2015,8,39975
Shenzhen,2015,9,40234
Shenzhen,2015,10,40122
Shenzhen,2015,11,39454
Shenzhen,2015,12,41498
Shenzhen,2016,1,45028
Shenzhen,2016,2,47349
Shenzhen,2016,3,48833
Shenzhen,2016,4,46993
Shenzhen,2016,5,45855
Shenzhen,2016,6,44604
Shenzhen,2016,7,44708
Shenzhen,2016,8,45457
Shenzhen,2016,9,45768
Shenzhen,2016,10,45147
Shenzhen,2016,11,44986
Shenzhen,2016,12,43293
Shenzhen,2017,1,46053
Shenzhen,2017,2,46504
Shenzhen,2017,3,47516
Shenzhen,2017,4,49041
Shenzhen,2017,5,49371
Shenzhen,2017,6,49713
Shenzhen,2017,7,50082
Shenzhen,2017,8,50482
Shenzhen,2017,9,50782
Shenzhen,2017,10,51082
Shenzhen,2017,11,51282
Shenzhen,2017,12,51482
Shenzhen,2018,1,52506
Shenzhen,2018,2,52992
Shenzhen,2018,3,53528
Shenzhen,2018,4,54104
Shenzhen,2018,5,54322
Shenzhen,2018,6,54811
Shenzhen,2018,7,57133
Shenzhen,2018,8,57483
Shenzhen,2018,9,57260
Shenzhen,2018,10,54982
Shenzhen,2018,11,56123
Shenzhen,2018,12,58230
Shenzhen,2019,1,58604
Shenzhen,2019,2,61281
Shenzhen,2019,3,61123
Shenzhen,2019,4,61373
Shenzhen,2019,5,61454
Shenzhen,2019,6,62262
Shenzhen,2019,7,61623
Shenzhen,2019,8,61983
Shenzhen,2019,9,63123
Shenzhen,2019,10,65333
Shenzhen,2019,11,63714
Shenzhen,2019,12,64588
Shenzhen,2020,1,65129
Shenzhen,2020,2,66881
Shenzhen,2020,3,64012
Shenzhen,2020,4,66213
Shenzhen,2020,5,68068
Shenzhen,2020,6,69245
Shenzhen,2020,7,73129
Shenzhen,2020,8,73123
Shenzhen,2020,9,74974
Shenzhen,2020,10,75238
Shenzhen,2020,11,78249
Shenzhen,2020,12,83512
Shenzhen,2021,1,86429
Shenzhen,2021,2,84359
Shenzhen,2021,3,81986
Shenzhen,2021,4,79812
Shenzhen,2021,5,77129
Shenzhen,2021,6,73403
Shenzhen,2021,7,70786
Shenzhen,2021,8,68231
Shenzhen,2021,9,65593
Shenzhen,2021,10,65604
Shenzhen,2021,11,67094
Shenzhen,2021,12,71038
Shenzhen,2022,1,68042
Shenzhen,2022,2,67340
Shenzhen,2022,3,66562
Shenzhen,2022,4,69380
Shenzhen,2022,5,66243
Shenzhen,2022,6,66750
Shenzhen,2022,7,67131
Shenzhen,2022,8,66775
Shenzhen,2022,9,67570
Shenzhen,2022,10,65792
Shenzhen,2022,11,65893
Shenzhen,2022,12,68809
Shenzhen,2023,1,66122
Shenzhen,2023,2,68009
Shenzhen,2023,3,65703
Shenzhen,2023,4,65525
Shenzhen,2023,5,68131
Shenzhen,2023,6,66614
Shenzhen,2023,7,68022
Shenzhen,2023,8,64615
Shenzhen,2023,9,64094
Shenzhen,2023,10,63236
Shenzhen,2023,11,64097
Shenzhen,2023,12,64406
Shenzhen,2024,1,68003
Shenzhen,2024,2,69092
Shenzhen,2024,3,66740
Shenzhen,2024,4,66110
Shenzhen,2024,5,66653
Shenzhen,2024,6,66791
Shenzhen,2024,7,67599
Shenzhen,2024,8,68316
Shenzhen,2024,9,66867
Shenzhen,2024,10,66900
Shenzhen,2024,11,66155
Shenzhen,2024,12,67141
Shijiazhuang,2015,1,8859
Shijiazhuang,2015,2,8899
Shijiazhuang,2015,3,8888
Shijiazhuang,2015,4,8894
Shijiazhuang,2015,5,8967
Shijiazhuang,2015,6,8952
Shijiazhuang,2015,7,8934
Shijiazhuang,2015,8,8996
Shijiazhuang,2015,9,9027
Shijiazhuang,2015,10,8998
Shijiazhuang,2015,11,8998
Shijiazhuang,2015,12,8994
Shijiazhuang,2016,1,8994
Shijiazhuang,2016,2,9033
Shijiazhuang,2016,3,9201
Shijiazhuang,2016,4,9445
Shijiazhuang,2016,5,9717
Shijiazhuang,2016,6,9872
Shijiazhuang,2016,7,10030
Shijiazhuang,2016,8,10426
Shijiazhuang,2016,9,11114
Shijiazhuang,2016,10,13107
Shijiazhuang,2016,11,13747
Shijiazhuang,2016,12,14879
Shijiazhuang,2017,1,15143
Shijiazhuang,2017,2,15430
Shijiazhuang,2017,3,16704
Shijiazhuang,2017,4,18490
Shijiazhuang,2017,5,19228
Shijiazhuang,2017,6,19363
Shijiazhuang,2017,7,18946
Shijiazhuang,2017,8,18636
Shijiazhuang,2017,9,18445
Shijiazhuang,2017,10,18075
Shijiazhuang,2017,11,17571
Shijiazhuang,2017,12,16980
Shijiazhuang,2018,1,16693
Shijiazhuang,2018,2,16667
Shijiazhuang,2018,3,16731
Shijiazhuang,2018,4,16606
Shijiazhuang,2018,5,16469
Shijiazhuang,2018,6,14612
Shijiazhuang,2018,7,14722
Shijiazhuang,2018,8,14444
Shijiazhuang,2018,9,15471
Shijiazhuang,2018,10,15360
Shijiazhuang,2018,11,15180
Shijiazhuang,2018,12,15123
Shijiazhuang,2019,1,14942
Shijiazhuang,2019,2,14672
Shijiazhuang,2019,3,15111
Shijiazhuang,2019,4,15122
Shijiazhuang,2019,5,14932
Shijiazhuang,2019,6,14962
Shijiazhuang,2019,7,14954
Shijiazhuang,2019,8,14940
Shijiazhuang,2019,9,14643
Shijiazhuang,2019,10,14640
Shijiazhuang,2019,11,14623
Shijiazhuang,2019,12,14503
Shijiazhuang,2020,1,14683
Shijiazhuang,2020,2,14223
Shijiazhuang,2020,3,13614
Shijiazhuang,2020,4,15034
Shijiazhuang,2020,5,14877
Shijiazhuang,2020,6,14130
Shijiazhuang,2020,7,14271
Shijiazhuang,2020,8,14823
Shijiazhuang,2020,9,13782
Shijiazhuang,2020,10,14216
Shijiazhuang,2020,11,14008
Shijiazhuang,2020,12,14355
Shijiazhuang,2021,1,13798
Shijiazhuang,2021,2,13500
Shijiazhuang,2021,3,14081
Shijiazhuang,2021,4,14145
Shijiazhuang,2021,5,14436
Shijiazhuang,2021,6,14019
Shijiazhuang,2021,7,13611
Shijiazhuang,2021,8,13463
Shijiazhuang,2021,9,13995
Shijiazhuang,2021,10,13515
Shijiazhuang,2021,11,13718
Shijiazhuang,2021,12,14541
Shijiazhuang,2022,1,13724
Shijiazhuang,2022,2,13548
Shijiazhuang,2022,3,13522
Shijiazhuang,2022,4,13811
Shijiazhuang,2022,5,13735
Shijiazhuang,2022,6,13732
Shijiazhuang,2022,7,13810
Shijiazhuang,2022,8,13503
Shijiazhuang,2022,9,13077
Shijiazhuang,2022,10,13532
Shijiazhuang,2022,11,12653
Shijiazhuang,2022,12,13136
Shijiazhuang,2023,1,13795
Shijiazhuang,2023,2,13502
Shijiazhuang,2023,3,13188
Shijiazhuang,2023,4,13623
Shijiazhuang,2023,5,13858
Shijiazhuang,2023,6,13910
Shijiazhuang,2023,7,13741
Shijiazhuang,2023,8,13803
Shijiazhuang,2023,9,13541
Shijiazhuang,2023,10,13340
Shijiazhuang,2023,11,13195
Shijiazhuang,2023,12,13195
Shijiazhuang,2024,1,13168
Shijiazhuang,2024,2,12931
Shijiazhuang,2024,3,13037
Shijiazhuang,2024,4,12877
Shijiazhuang,2024,5,12715
Shijiazhuang,2024,6,12699
Shijiazhuang,2024,7,12679
Shijiazhuang,2024,8,12287
Shijiazhuang,2024,9,12315
Shijiazhuang,2024,10,12352
Shijiazhuang,2024,11,12224
Shijiazhuang,2024,12,12420
Suzhou,2015,1,10936
Suzhou,2015,2,10915
Suzhou,2015,3,10965
Suzhou,2015,4,10996
Suzhou,2015,5,11034
Suzhou,2015,6,11124
Suzhou,2015,7,11210
Suzhou,2015,8,11309
Suzhou,2015,9,11458
Suzhou,2015,10,11604
Suzhou,2015,11,11904
Suzhou,2015,12,12252
Suzhou,2016,1,12252
Suzhou,2016,2,12551
Suzhou,2016,3,14708
Suzhou,2016,4,15755
Suzhou,2016,5,16078
Suzhou,2016,6,16148
Suzhou,2016,7,15543
Suzhou,2016,8,15510
Suzhou,2016,9,15576
Suzhou,2016,10,16082
Suzhou,2016,11,16153
Suzhou,2016,12,16182
Suzhou,2017,1,15951
Suzhou,2017,2,16010
Suzhou,2017,3,16108
Suzhou,2017,4,15970
Suzhou,2017,5,15806
Suzhou,2017,6,15550
Suzhou,2017,7,15415
Suzhou,2017,8,15345
Suzhou,2017,9,15426
Suzhou,2017,10,15363
Suzhou,2017,11,15349
Suzhou,2017,12,15321
Suzhou,2018,1,15869
Suzhou,2018,2,16083
Suzhou,2018,3,16529
Suzhou,2018,4,16913
Suzhou,2018,5,17103
Suzhou,2018,6,17571
Suzhou,2018,7,18312
Suzhou,2018,8,18394
Suzhou,2018,9,20260
Suzhou,2018,10,19881
Suzhou,2018,11,20354
Suzhou,2018,12,20753
Suzhou,2019,1,20930
Suzhou,2019,2,21560
Suzhou,2019,3,21123
Suzhou,2019,4,21211
Suzhou,2019,5,21111
Suzhou,2019,6,21454
Suzhou,2019,7,22563
Suzhou,2019,8,22522
Suzhou,2019,9,22661
Suzhou,2019,10,22943
Suzhou,2019,11,23703
Suzhou,2019,12,22973
Suzhou,2020,1,22945
Suzhou,2020,2,23419
Suzhou,2020,3,22913
Suzhou,2020,4,23204
Suzhou,2020,5,23565
Suzhou,2020,6,22832
Suzhou,2020,7,22640
Suzhou,2020,8,22488
Suzhou,2020,9,21417
Suzhou,2020,10,22575
Suzhou,2020,11,21313
Suzhou,2020,12,21758
Suzhou,2021,1,21853
Suzhou,2021,2,22113
Suzhou,2021,3,23187
Suzhou,2021,4,21295
Suzhou,2021,5,22166
Suzhou,2021,6,22161
Suzhou,2021,7,23017
Suzhou,2021,8,22796
Suzhou,2021,9,21828
Suzhou,2021,10,21152
Suzhou,2021,11,21943
Suzhou,2021,12,21546
Suzhou,2022,1,23124
Suzhou,2022,2,21985
Suzhou,2022,3,23107
Suzhou,2022,4,22999
Suzhou,2022,5,24233
Suzhou,2022,6,24330
Suzhou,2022,7,25165
Suzhou,2022,8,25028
Suzhou,2022,9,24655
Suzhou,2022,10,24569
Suzhou,2022,11,24643
Suzhou,2022,12,23147
Suzhou,2023,1,24196
Suzhou,2023,2,24463
Suzhou,2023,3,24790
Suzhou,2023,4,22897
Suzhou,2023,5,24122
Suzhou,2023,6,23882
Suzhou,2023,7,23876
Suzhou,2023,8,23490
Suzhou,2023,9,23661
Suzhou,2023,10,23187
Suzhou,2023,11,23033
Suzhou,2023,12,22908
Suzhou,2024,1,22628
Suzhou,2024,2,22395
Suzhou,2024,3,22410
Suzhou,2024,4,21813
Suzhou,2024,5,21311
Suzhou,2024,6,21359
Suzhou,2024,7,20724
Suzhou,2024,8,20699
Suzhou,2024,9,22750
Suzhou,2024,10,19949
Suzhou,2024,11,20052
Suzhou,2024,12,19720
Tianjin,2015,1,14718
Tianjin,2015,2,14933
Tianjin,2015,3,14686
Tianjin,2015,4,14844
Tianjin,2015,5,14890
Tianjin,2015,6,15065
Tianjin,2015,7,15105
Tianjin,2015,8,15138
Tianjin,2015,9,15232
Tianjin,2015,10,15426
Tianjin,2015,11,15478
Tianjin,2015,12,15554
Tianjin,2016,1,15554
Tianjin,2016,2,15558
Tianjin,2016,3,16139
Tianjin,2016,4,16949
Tianjin,2016,5,17406
Tianjin,2016,6,17714
Tianjin,2016,7,17796
Tianjin,2016,8,18416
Tianjin,2016,9,19765
Tianjin,2016,10,22661
Tianjin,2016,11,22924
Tianjin,2016,12,23222
Tianjin,2017,1,23292
Tianjin,2017,2,23470
Tianjin,2017,3,24563
Tianjin,2017,4,25050
Tianjin,2017,5,25185
Tianjin,2017,6,24943
Tianjin,2017,7,24804
Tianjin,2017,8,24244
Tianjin,2017,9,23854
Tianjin,2017,10,23384
Tianjin,2017,11,22708
Tianjin,2017,12,22207
Tianjin,2018,1,22319
Tianjin,2018,2,22359
Tianjin,2018,3,22679
Tianjin,2018,4,22910
Tianjin,2018,5,23044
Tianjin,2018,6,23571
Tianjin,2018,7,24543
Tianjin,2018,8,23921
Tianjin,2018,9,24813
Tianjin,2018,10,24912
Tianjin,2018,11,25422
Tianjin,2018,12,24943
Tianjin,2019,1,25522
Tianjin,2019,2,24761
Tianjin,2019,3,24813
Tianjin,2019,4,25360
Tianjin,2019,5,25363
Tianjin,2019,6,25622
Tianjin,2019,7,26101
Tianjin,2019,8,25282
Tianjin,2019,9,25614
Tianjin,2019,10,25412
Tianjin,2019,11,25522
Tianjin,2019,12,25996
Tianjin,2020,1,25724
Tianjin,2020,2,24997
Tianjin,2020,3,25533
Tianjin,2020,4,25433
Tianjin,2020,5,25107
Tianjin,2020,6,24699
Tianjin,2020,7,24719
Tianjin,2020,8,24381
Tianjin,2020,9,25442
Tianjin,2020,10,26138
Tianjin,2020,11,25117
Tianjin,2020,12,25859
Tianjin,2021,1,26232
Tianjin,2021,2,26391
Tianjin,2021,3,25215
Tianjin,2021,4,25182
Tianjin,2021,5,25176
Tianjin,2021,6,24980
Tianjin,2021,7,25916
Tianjin,2021,8,25559
Tianjin,2021,9,27584
Tianjin,2021,10,27141
Tianjin,2021,11,27244
Tianjin,2021,12,25587
Tianjin,2022,1,24930
Tianjin,2022,2,27361
Tianjin,2022,3,26301
Tianjin,2022,4,26137
Tianjin,2022,5,22991
Tianjin,2022,6,25652
Tianjin,2022,7,22728
Tianjin,2022,8,22932
Tianjin,2022,9,22941
Tianjin,2022,10,23463
Tianjin,2022,11,23834
Tianjin,2022,12,26076
Tianjin,2023,1,24851
Tianjin,2023,2,24680
Tianjin,2023,3,26493
Tianjin,2023,4,25028
Tianjin,2023,5,22533
Tianjin,2023,6,22635
Tianjin,2023,7,22505
Tianjin,2023,8,20917
Tianjin,2023,9,21263
Tianjin,2023,10,20963
Tianjin,2023,11,20914
Tianjin,2023,12,20659
Tianjin,2024,1,22703
Tianjin,2024,2,20658
Tianjin,2024,3,20514
Tianjin,2024,4,19746
Tianjin,2024,5,19302
Tianjin,2024,6,19045
Tianjin,2024,7,19458
Tianjin,2024,8,19623
Tianjin,2024,9,19466
Tianjin,2024,10,19007
Tianjin,2024,11,18920
Tianjin,2024,12,19474
Urumchi,2015,1,5272
Urumchi,2015,2,5398
Urumchi,2015,3,5436
Urumchi,2015,4,5500
Urumchi,2015,5,6380
Urumchi,2015,6,6638
Urumchi,2015,7,6549
Urumchi,2015,8,6222
Urumchi,2015,9,6134
Urumchi,2015,10,6217
Urumchi,2015,11,5346
Urumchi,2015,12,5750
Urumchi,2016,1,6553
Urumchi,2016,2,6567
Urumchi,2016,3,6641
Urumchi,2016,4,6672
Urumchi,2016,5,6674
Urumchi,2016,6,6657
Urumchi,2016,7,6642
Urumchi,2016,8,6637
Urumchi,2016,9,6666
Urumchi,2016,10,6696
Urumchi,2016,11,6639
Urumchi,2016,12,6668
Urumchi,2017,1,6634
Urumchi,2017,2,6631
Urumchi,2017,3,6673
Urumchi,2017,4,6707
Urumchi,2017,5,6678
Urumchi,2017,6,6719
Urumchi,2017,7,6783
Urumchi,2017,8,6821
Urumchi,2017,9,6876
Urumchi,2017,10,6985
Urumchi,2017,11,7179
Urumchi,2017,12,7257
Urumchi,2018,1,7632
Urumchi,2018,2,7782
Urumchi,2018,3,8022
Urumchi,2018,4,8223
Urumchi,2018,5,8305
Urumchi,2018,6,8481
Urumchi,2018,7,8373
Urumchi,2018,8,8633
Urumchi,2018,9,8531
Urumchi,2018,10,8382
Urumchi,2018,11,8262
Urumchi,2018,12,8240
Urumchi,2019,1,8251
Urumchi,2019,2,8320
Urumchi,2019,3,8160
Urumchi,2019,4,8271
Urumchi,2019,5,8211
Urumchi,2019,6,8454
Urumchi,2019,7,8313
Urumchi,2019,8,8401
Urumchi,2019,9,8340
Urumchi,2019,10,8511
Urumchi,2019,11,8501
Urumchi,2019,12,8557
Urumchi,2020,1,8617
Urumchi,2020,2,8698
Urumchi,2020,3,8576
Urumchi,2020,4,8240
Urumchi,2020,5,8411
Urumchi,2020,6,8402
Urumchi,2020,7,8371
Urumchi,2020,8,8491
Urumchi,2020,9,8167
Urumchi,2020,10,8396
Urumchi,2020,11,8444
Urumchi,2020,12,8576
Urumchi,2021,1,9136
Urumchi,2021,2,9193
Urumchi,2021,3,8639
Urumchi,2021,4,8643
Urumchi,2021,5,8507
Urumchi,2021,6,8940
Urumchi,2021,7,8815
Urumchi,2021,8,8879
Urumchi,2021,9,8600
Urumchi,2021,10,8543
Urumchi,2021,11,8801
Urumchi,2021,12,8471
Urumchi,2022,1,8761
Urumchi,2022,2,8614
Urumchi,2022,3,8680
Urumchi,2022,4,8636
Urumchi,2022,5,8757
Urumchi,2022,6,8417
Urumchi,2022,7,8828
Urumchi,2022,8,8836
Urumchi,2022,9,8716
Urumchi,2022,10,8821
Urumchi,2022,11,8519
Urumchi,2022,12,8251
Urumchi,2023,1,8416
Urumchi,2023,2,8583
Urumchi,2023,3,8726
Urumchi,2023,4,8683
Urumchi,2023,5,8548
Urumchi,2023,6,8550
Urumchi,2023,7,8696
Urumchi,2023,8,8581
Urumchi,2023,9,8590
Urumchi,2023,10,8523
Urumchi,2023,11,8497
Urumchi,2023,12,8445
Urumchi,2024,1,8504
Urumchi,2024,2,8510
Urumchi,2024,3,8575
Urumchi,2024,4,8477
Urumchi,2024,5,8458
Urumchi,2024,6,8396
Urumchi,2024,7,8335
Urumchi,2024,8,8298
Urumchi,2024,9,8331
Urumchi,2024,10,8358
Urumchi,2024,11,8343
Urumchi,2024,12,8307
Wuhan,2015,1,9271
Wuhan,2015,2,9287
Wuhan,2015,3,9339
Wuhan,2015,4,9418
Wuhan,2015,5,9445
Wuhan,2015,6,9452
Wuhan,2015,7,9564
Wuhan,2015,8,9720
Wuhan,2015,9,9829
Wuhan,2015,10,9935
Wuhan,2015,11,10011
Wuhan,2015,12,10001
Wuhan,2016,1,10001
Wuhan,2016,2,10001
Wuhan,2016,3,10224
Wuhan,2016,4,10478
Wuhan,2016,5,10760
Wuhan,2016,6,11102
Wuhan,2016,7,11269
Wuhan,2016,8,11429
Wuhan,2016,9,11735
Wuhan,2016,10,12564
Wuhan,2016,11,13476
Wuhan,2016,12,13876
Wuhan,2017,1,13987
Wuhan,2017,2,14117
Wuhan,2017,3,14680
Wuhan,2017,4,15024
Wuhan,2017,5,15276
Wuhan,2017,6,15493
Wuhan,2017,7,15779
Wuhan,2017,8,15942
Wuhan,2017,9,16069
Wuhan,2017,10,16155
Wuhan,2017,11,16245
Wuhan,2017,12,16260
Wuhan,2018,1,16647
Wuhan,2018,2,16784
Wuhan,2018,3,17113
Wuhan,2018,4,17377
Wuhan,2018,5,17498
Wuhan,2018,6,17823
Wuhan,2018,7,17894
Wuhan,2018,8,17734
Wuhan,2018,9,18380
Wuhan,2018,10,18310
Wuhan,2018,11,17943
Wuhan,2018,12,18314
Wuhan,2019,1,17814
Wuhan,2019,2,18581
Wuhan,2019,3,18554
Wuhan,2019,4,18253
Wuhan,2019,5,17961
Wuhan,2019,6,17940
Wuhan,2019,7,17942
Wuhan,2019,8,18111
Wuhan,2019,9,18173
Wuhan,2019,10,17982
Wuhan,2019,11,18323
Wuhan,2019,12,17578
Wuhan,2020,1,17565
Wuhan,2020,2,16822
Wuhan,2020,3,15959
Wuhan,2020,4,17517
Wuhan,2020,5,17519
Wuhan,2020,6,18476
Wuhan,2020,7,18952
Wuhan,2020,8,18085
Wuhan,2020,9,18363
Wuhan,2020,10,18448
Wuhan,2020,11,18954
Wuhan,2020,12,18640
Wuhan,2021,1,18540
Wuhan,2021,2,19034
Wuhan,2021,3,19324
Wuhan,2021,4,18962
Wuhan,2021,5,19430
Wuhan,2021,6,19277
Wuhan,2021,7,19760
Wuhan,2021,8,19582
Wuhan,2021,9,19377
Wuhan,2021,10,19141
Wuhan,2021,11,19208
Wuhan,2021,12,19724
Wuhan,2022,1,19090
Wuhan,2022,2,20110
Wuhan,2022,3,20029
Wuhan,2022,4,20262
Wuhan,2022,5,18730
Wuhan,2022,6,19120
Wuhan,2022,7,18639
Wuhan,2022,8,18495
Wuhan,2022,9,18585
Wuhan,2022,10,18677
Wuhan,2022,11,18605
Wuhan,2022,12,18687
Wuhan,2023,1,18666
Wuhan,2023,2,18719
Wuhan,2023,3,19327
Wuhan,2023,4,19202
Wuhan,2023,5,18451
Wuhan,2023,6,18020
Wuhan,2023,7,18033
Wuhan,2023,8,17041
Wuhan,2023,9,17326
Wuhan,2023,10,17086
Wuhan,2023,11,16868
Wuhan,2023,12,16430
Wuhan,2024,1,16473
Wuhan,2024,2,16481
Wuhan,2024,3,16132
Wuhan,2024,4,15896
Wuhan,2024,5,15613
Wuhan,2024,6,15793
Wuhan,2024,7,15384
Wuhan,2024,8,15427
Wuhan,2024,9,14950
Wuhan,2024,10,14901
Wuhan,2024,11,14747
Wuhan,2024,12,14734
Xi'an,2015,1,6805
Xi'an,2015,2,6816
Xi'an,2015,3,6791
Xi'an,2015,4,6776
Xi'an,2015,5,6801
Xi'an,2015,6,6763
Xi'an,2015,7,6689
Xi'an,2015,8,6624
Xi'an,2015,9,6615
Xi'an,2015,10,6554
Xi'an,2015,11,6497
Xi'an,2015,12,6456
Xi'an,2016,1,6456
Xi'an,2016,2,6555
Xi'an,2016,3,6547
Xi'an,2016,4,6510
Xi'an,2016,5,6454
Xi'an,2016,6,6367
Xi'an,2016,7,6321
Xi'an,2016,8,6292
Xi'an,2016,9,6314
Xi'an,2016,10,6387
Xi'an,2016,11,6364
Xi'an,2016,12,6520
Xi'an,2017,1,6563
Xi'an,2017,2,6580
Xi'an,2017,3,6671
Xi'an,2017,4,6946
Xi'an,2017,5,7226
Xi'an,2017,6,7633
Xi'an,2017,7,7801
Xi'an,2017,8,7964
Xi'an,2017,9,8040
Xi'an,2017,10,8200
Xi'an,2017,11,8689
Xi'an,2017,12,8888
Xi'an,2018,1,10116
Xi'an,2018,2,10639
Xi'an,2018,3,11495
Xi'an,2018,4,12422
Xi'an,2018,5,12945
Xi'an,2018,6,13474
Xi'an,2018,7,13892
Xi'an,2018,8,13983
Xi'an,2018,9,14681
Xi'an,2018,10,13922
Xi'an,2018,11,13920
Xi'an,2018,12,14143
Xi'an,2019,1,14483
Xi'an,2019,2,15614
Xi'an,2019,3,14973
Xi'an,2019,4,14714
Xi'an,2019,5,14403
Xi'an,2019,6,14504
Xi'an,2019,7,14941
Xi'an,2019,8,14862
Xi'an,2019,9,14832
Xi'an,2019,10,14731
Xi'an,2019,11,14573
Xi'an,2019,12,14693
Xi'an,2020,1,14633
Xi'an,2020,2,15076
Xi'an,2020,3,15182
Xi'an,2020,4,15078
Xi'an,2020,5,14857
Xi'an,2020,6,14583
Xi'an,2020,7,15039
Xi'an,2020,8,15329
Xi'an,2020,9,15004
Xi'an,2020,10,15503
Xi'an,2020,11,16337
Xi'an,2020,12,15133
Xi'an,2021,1,15702
Xi'an,2021,2,15755
Xi'an,2021,3,16233
Xi'an,2021,4,17743
Xi'an,2021,5,18073
Xi'an,2021,6,20417
Xi'an,2021,7,19076
Xi'an,2021,8,18043
Xi'an,2021,9,17536
Xi'an,2021,10,16432
Xi'an,2021,11,16283
Xi'an,2021,12,16001
Xi'an,2022,1,14942
Xi'an,2022,2,18142
Xi'an,2022,3,16196
Xi'an,2022,4,16647
Xi'an,2022,5,16348
Xi'an,2022,6,16352
Xi'an,2022,7,16814
Xi'an,2022,8,16761
Xi'an,2022,9,17209
Xi'an,2022,10,17001
Xi'an,2022,11,17294
Xi'an,2022,12,17510
Xi'an,2023,1,17646
Xi'an,2023,2,17531
Xi'an,2023,3,17777
Xi'an,2023,4,18023
Xi'an,2023,5,17495
Xi'an,2023,6,17154
Xi'an,2023,7,17185
Xi'an,2023,8,15756
Xi'an,2023,9,15702
Xi'an,2023,10,15739
Xi'an,2023,11,15447
Xi'an,2023,12,15228
Xi'an,2024,1,15700
Xi'an,2024,2,15444
Xi'an,2024,3,15162
Xi'an,2024,4,15228
Xi'an,2024,5,15075
Xi'an,2024,6,15141
Xi'an,2024,7,14822
Xi'an,2024,8,14776
Xi'an,2024,9,14453
Xi'an,2024,10,14588
Xi'an,2024,11,14628
Xi'an,2024,12,14753
Xiamen,2015,1,24675
Xiamen,2015,2,24916
Xiamen,2015,3,25413
Xiamen,2015,4,25410
Xiamen,2015,5,25399
Xiamen,2015,6,25395
Xiamen,2015,7,25672
Xiamen,2015,8,25896
Xiamen,2015,9,25821
Xiamen,2015,10,25640
Xiamen,2015,11,25969
Xiamen,2015,12,25972
Xiamen,2016,1,26162
Xiamen,2016,2,26242
Xiamen,2016,3,26898
Xiamen,2016,4,28367
Xiamen,2016,5,30149
Xiamen,2016,6,32256
Xiamen,2016,7,34453
Xiamen,2016,8,35362
Xiamen,2016,9,36477
Xiamen,2016,10,38101
Xiamen,2016,11,38238
Xiamen,2016,12,38886
Xiamen,2017,1,39596
Xiamen,2017,2,40072
Xiamen,2017,3,42899
Xiamen,2017,4,47605
Xiamen,2017,5,48694
Xiamen,2017,6,48170
Xiamen,2017,7,47693
Xiamen,2017,8,47693
Xiamen,2017,9,48004
Xiamen,2017,10,48034
Xiamen,2017,11,47853
Xiamen,2017,12,47181
Xiamen,2018,1,46665
Xiamen,2018,2,47105
Xiamen,2018,3,46540
Xiamen,2018,4,45644
Xiamen,2018,5,45001
Xiamen,2018,6,42992
Xiamen,2018,7,42963
Xiamen,2018,8,42624
Xiamen,2018,9,42422
Xiamen,2018,10,43143
Xiamen,2018,11,41912
Xiamen,2018,12,41802
Xiamen,2019,1,42314
Xiamen,2019,2,42331
Xiamen,2019,3,42341
Xiamen,2019,4,42531
Xiamen,2019,5,42851
Xiamen,2019,6,43853
Xiamen,2019,7,43854
Xiamen,2019,8,43670
Xiamen,2019,9,43753
Xiamen,2019,10,42943
Xiamen,2019,11,43801
Xiamen,2019,12,44914
Xiamen,2020,1,46025
Xiamen,2020,2,46617
Xiamen,2020,3,47508
Xiamen,2020,4,46218
Xiamen,2020,5,44990
Xiamen,2020,6,45330
Xiamen,2020,7,45583
Xiamen,2020,8,46093
Xiamen,2020,9,47121
Xiamen,2020,10,48366
Xiamen,2020,11,47353
Xiamen,2020,12,48738
Xiamen,2021,1,49413
Xiamen,2021,2,47608
Xiamen,2021,3,48337
Xiamen,2021,4,49809
Xiamen,2021,5,50894
Xiamen,2021,6,49253
Xiamen,2021,7,50180
Xiamen,2021,8,52090
Xiamen,2021,9,50166
Xiamen,2021,10,50641
Xiamen,2021,11,50005
Xiamen,2021,12,49289
Xiamen,2022,1,51213
Xiamen,2022,2,50588
Xiamen,2022,3,50796
Xiamen,2022,4,50731
Xiamen,2022,5,50680
Xiamen,2022,6,52342
Xiamen,2022,7,50030
Xiamen,2022,8,49836
Xiamen,2022,9,50881
Xiamen,2022,10,50635
Xiamen,2022,11,51713
Xiamen,2022,12,51863
Xiamen,2023,1,51480
Xiamen,2023,2,51684
Xiamen,2023,3,53030
Xiamen,2023,4,52605
Xiamen,2023,5,48889
Xiamen,2023,6,50521
Xiamen,2023,7,49221
Xiamen,2023,8,51074
Xiamen,2023,9,50580
Xiamen,2023,10,51565
Xiamen,2023,11,49992
Xiamen,2023,12,49444
Xiamen,2024,1,47226
Xiamen,2024,2,47184
Xiamen,2024,3,46087
Xiamen,2024,4,45055
Xiamen,2024,5,44175
Xiamen,2024,6,43506
Xiamen,2024,7,42557
Xiamen,2024,8,42179
Xiamen,2024,9,40711
Xiamen,2024,10,40654
Xiamen,2024,11,39667
Xiamen,2024,12,39108
Yinchuan,2015,1,5123
Yinchuan,2015,2,5254
Yinchuan,2015,3,5488
Yinchuan,2015,4,5574
Yinchuan,2015,5,4920
Yinchuan,2015,6,4911
Yinchuan,2015,7,4674
Yinchuan,2015,8,5609
Yinchuan,2015,9,6831
Yinchuan,2015,10,5800
Yinchuan,2015,11,5416
Yinchuan,2015,12,4634
Yinchuan,2016,1,5363
Yinchuan,2016,2,5374
Yinchuan,2016,3,5319
Yinchuan,2016,4,5205
Yinchuan,2016,5,5193
Yinchuan,2016,6,5367
Yinchuan,2016,7,5339
Yinchuan,2016,8,5324
Yinchuan,2016,9,5358
Yinchuan,2016,10,5376
Yinchuan,2016,11,5313
Yinchuan,2016,12,5333
Yinchuan,2017,1,5228
Yinchuan,2017,2,5241
Yinchuan,2017,3,5273
Yinchuan,2017,4,5261
Yinchuan,2017,5,5313
Yinchuan,2017,6,5355
Yinchuan,2017,7,5396
Yinchuan,2017,8,5440
Yinchuan,2017,9,5261
Yinchuan,2017,10,5011
Yinchuan,2017,11,4979
Yinchuan,2017,12,4950
Yinchuan,2018,1,5042
Yinchuan,2018,2,5105
Yinchuan,2018,3,5185
Yinchuan,2018,4,5243
Yinchuan,2018,5,5269
Yinchuan,2018,6,5373
Yinchuan,2018,7,5563
Yinchuan,2018,8,5592
Yinchuan,2018,9,5531
Yinchuan,2018,10,5521
Yinchuan,2018,11,5732
Yinchuan,2018,12,5653
Yinchuan,2019,1,5633
Yinchuan,2019,2,5782
Yinchuan,2019,3,5943
Yinchuan,2019,4,5912
Yinchuan,2019,5,5902
Yinchuan,2019,6,5982
Yinchuan,2019,7,5914
Yinchuan,2019,8,5982
Yinchuan,2019,9,6282
Yinchuan,2019,10,6423
Yinchuan,2019,11,6452
Yinchuan,2019,12,6549
Yinchuan,2020,1,6660
Yinchuan,2020,2,6762
Yinchuan,2020,3,6693
Yinchuan,2020,4,6618
Yinchuan,2020,5,6775
Yinchuan,2020,6,6763
Yinchuan,2020,7,6817
Yinchuan,2020,8,6708
Yinchuan,2020,9,6801
Yinchuan,2020,10,7012
Yinchuan,2020,11,6927
Yinchuan,2020,12,7016
Yinchuan,2021,1,7302
Yinchuan,2021,2,7427
Yinchuan,2021,3,7558
Yinchuan,2021,4,7940
Yinchuan,2021,5,8326
Yinchuan,2021,6,7807
Yinchuan,2021,7,7714
Yinchuan,2021,8,8254
Yinchuan,2021,9,7748
Yinchuan,2021,10,7633
Yinchuan,2021,11,7864
Yinchuan,2021,12,7629
Yinchuan,2022,1,7991
Yinchuan,2022,2,7595
Yinchuan,2022,3,7916
Yinchuan,2022,4,7876
Yinchuan,2022,5,7868
Yinchuan,2022,6,7805
Yinchuan,2022,7,7624
Yinchuan,2022,8,7562
Yinchuan,2022,9,7659
Yinchuan,2022,10,7677
Yinchuan,2022,11,7582
Yinchuan,2022,12,7686
Yinchuan,2023,1,7415
Yinchuan,2023,2,7595
Yinchuan,2023,3,7507
Yinchuan,2023,4,7449
Yinchuan,2023,5,7662
Yinchuan,2023,6,7582
Yinchuan,2023,7,7631
Yinchuan,2023,8,7438
Yinchuan,2023,9,7412
Yinchuan,2023,10,7424
Yinchuan,2023,11,7215
Yinchuan,2023,12,7300
Yinchuan,2024,1,7408
Yinchuan,2024,2,7440
Yinchuan,2024,3,7260
Yinchuan,2024,4,7324
Yinchuan,2024,5,7208
Yinchuan,2024,6,7215
Yinchuan,2024,7,7157
Yinchuan,2024,8,7165
Yinchuan,2024,9,7087
Yinchuan,2024,10,7223
Yinchuan,2024,11,7193
Yinchuan,2024,12,7117
Zhengzhou,2015,1,8491
Zhengzhou,2015,2,8480
Zhengzhou,2015,3,8534
Zhengzhou,2015,4,8574
Zhengzhou,2015,5,8633
Zhengzhou,2015,6,8696
Zhengzhou,2015,7,8723
Zhengzhou,2015,8,8757
Zhengzhou,2015,9,8783
Zhengzhou,2015,10,8773
Zhengzhou,2015,11,8896
Zhengzhou,2015,12,8798
Zhengzhou,2016,1,8798
Zhengzhou,2016,2,8830
Zhengzhou,2016,3,8973
Zhengzhou,2016,4,9080
Zhengzhou,2016,5,9199
Zhengzhou,2016,6,9306
Zhengzhou,2016,7,9363
Zhengzhou,2016,8,9570
Zhengzhou,2016,9,10049
Zhengzhou,2016,10,11263
Zhengzhou,2016,11,11771
Zhengzhou,2016,12,12092
Zhengzhou,2017,1,12129
Zhengzhou,2017,2,12146
Zhengzhou,2017,3,12464
Zhengzhou,2017,4,12751
Zhengzhou,2017,5,12912
Zhengzhou,2017,6,12949
Zhengzhou,2017,7,12994
Zhengzhou,2017,8,12986
Zhengzhou,2017,9,12969
Zhengzhou,2017,10,12957
Zhengzhou,2017,11,12929
Zhengzhou,2017,12,12860
Zhengzhou,2018,1,13004
Zhengzhou,2018,2,13037
Zhengzhou,2018,3,13228
Zhengzhou,2018,4,13372
Zhengzhou,2018,5,13436
Zhengzhou,2018,6,13692
Zhengzhou,2018,7,13792
Zhengzhou,2018,8,13932
Zhengzhou,2018,9,14933
Zhengzhou,2018,10,14422
Zhengzhou,2018,11,14303
Zhengzhou,2018,12,13911
Zhengzhou,2019,1,13803
Zhengzhou,2019,2,14353
Zhengzhou,2019,3,14901
Zhengzhou,2019,4,14723
Zhengzhou,2019,5,14213
Zhengzhou,2019,6,13930
Zhengzhou,2019,7,13914
Zhengzhou,2019,8,13901
Zhengzhou,2019,9,14201
Zhengzhou,2019,10,13820
Zhengzhou,2019,11,13925
Zhengzhou,2019,12,13947
Zhengzhou,2020,1,13971
Zhengzhou,2020,2,14140
Zhengzhou,2020,3,13756
Zhengzhou,2020,4,14030
Zhengzhou,2020,5,14417
Zhengzhou,2020,6,14123
Zhengzhou,2020,7,13661
Zhengzhou,2020,8,13858
Zhengzhou,2020,9,13623
Zhengzhou,2020,10,13475
Zhengzhou,2020,11,13382
Zhengzhou,2020,12,13890
Zhengzhou,2021,1,13546
Zhengzhou,2021,2,14175
Zhengzhou,2021,3,13932
Zhengzhou,2021,4,14011
Zhengzhou,2021,5,13966
Zhengzhou,2021,6,13750
Zhengzhou,2021,7,14619
Zhengzhou,2021,8,14674
Zhengzhou,2021,9,14240
Zhengzhou,2021,10,13968
Zhengzhou,2021,11,14245
Zhengzhou,2021,12,14161
Zhengzhou,2022,1,13790
Zhengzhou,2022,2,15721
Zhengzhou,2022,3,14759
Zhengzhou,2022,4,14707
Zhengzhou,2022,5,13851
Zhengzhou,2022,6,14617
Zhengzhou,2022,7,14180
Zhengzhou,2022,8,14174
Zhengzhou,2022,9,13813
Zhengzhou,2022,10,14162
Zhengzhou,2022,11,12970
Zhengzhou,2022,12,12545
Zhengzhou,2023,1,13742
Zhengzhou,2023,2,14176
Zhengzhou,2023,3,13491
Zhengzhou,2023,4,13545
Zhengzhou,2023,5,13340
Zhengzhou,2023,6,13218
Zhengzhou,2023,7,13097
Zhengzhou,2023,8,13429
Zhengzhou,2023,9,12974
Zhengzhou,2023,10,12848
Zhengzhou,2023,11,12380
Zhengzhou,2023,12,12835
Zhengzhou,2024,1,12885
Zhengzhou,2024,2,12840
Zhengzhou,2024,3,13555
Zhengzhou,2024,4,12666
Zhengzhou,2024,5,12297
Zhengzhou,2024,6,12690
Zhengzhou,2024,7,12273
Zhengzhou,2024,8,12483
Zhengzhou,2024,9,12764
Zhengzhou,2024,10,12652
Zhengzhou,2024,11,12299
Zhengzhou,2024,12,12153
